Workbook

Sheet Nasil_Kullanilir
A1: İç Denetim Standardizasyonu ve Bulgulardan Eğitim Programı
A2: Tüm mağaza, bulgu ve tarih verileri SAHTEDİR. Orijinal dosyalar paylaşılamadığı için yapı, sistemin nasıl çalıştığı hatırlanarak yeniden kurulmuştur.
A4: Akış
A5: 1. Denetim_Takvimi: çeyrek bazında karşılıklı iç denetim rotasyonu ve tahmini esas denetim tarihleri. Yakın mağazalar 3 ayda bir birbirini denetler; her müdür uzman olduğu denetim türüne gider.
A6: 2. Denetimler: iç ve esas denetimlerin her biri bir satır. Puan, Bulgular sayfasındaki kayıtlardan hesaplanır.
A7: 3. Bulgular: her uygunsuzluk bir satır; madde kodu seçilir, madde adı ve önem derecesi Madde_Listesi'nden gelir.
A8: 4. DOF_Takip: bulguya bağlı düzeltici-önleyici faaliyet, sorumlu, termin ve kapanış.
A9: 5. Dashboard: mağaza × denetim türü puanları (iç ve esas), iç-esas farkı, gecikmiş DÖF sayısı.
A10: 6. Oncelik_Listesi: en çok tekrar eden uygunsuzluklar, önem derecesiyle ağırlıklı; her maddenin eğitim konusu ve en sık görüldüğü mağaza. Eğitim programı bu listeden hazırlanır.
A11: 7. Madde_Magaza: madde × mağaza tekrar matrisi; hangi mağazada hangi maddenin tekrarlandığını gösterir.
A13: Puan hesabı
A14: Ceza = kritik × 2 + major × 1,5 + minör × 1 (katsayılar Ayarlar'da). Puan = (toplam soru − ceza) ÷ toplam soru × 100.
... A17: Renk kodu: mavi = girilen değer · sarı zemin = güncellenen hücre · siyah = formül · yeşil = başka sayfadan gelen değer

Sheet Dashboard
A1: Denetim Dashboard
A2: Puanlar yıl içindeki denetimlerin ortalamasıdır. Fark = iç denetim − esas denetim; büyük pozitif fark iç denetimin gerçeği yansıtmadığına işaret eder.
A4: Mağaza | B4: ASA İç | C4: ASA Esas | D4: ASA Fark | E4: PAP İç | F4: PAP Esas | G4: PAP Fark | H4: RSA İç | I4: RSA Esas | J4: RSA Fark | K4: Esas Ortalama | L4: Sıra | M4: Toplam Bulgu | N4: Kritik Bulgu | O4: Açık DÖF | P4: Gecikmiş DÖF
A5: =Magazalar!A2 -> Mağaza A | B5: =IFERROR(AVERAGEIFS(Denetimler!$L$2:$L$286,Denetimler!$C$2:$C$286,$A5,Denetimler!$D$2:$D$286,"ASA",Denetimler!$E$2:$E$286,"İç denetim"),"") -> 89.375 | C5: =IFERROR(AVERAGEIFS(Denetimler!$L$2:$L$286,Denetimler!$C$2:$C$286,$A5,Denetimler!$D$2:$D$286,"ASA",Denetimler!$E$2:$E$286,"Esas denetim"),"") -> 86.25 | D5: =IF(OR(B5="",C5=""),"",B5-C5) -> 3.125 | E5: =IFERROR(AVERAGEIFS(Denetimler!$L$2:$L$286,Denetimler!$C$2:$C$286,$A5,Denetimler!$D$2:$D$286,"PAP",Denetimler!$E$2:$E$286,"İç denetim"),"") -> 96.111111 | F5: =IFERROR(AVERAGEIFS(Denetimler!$L$2:$L$286,Denetimler!$C$2:$C$286,$A5,Denetimler!$D$2:$D$286,"PAP",Denetimler!$E$2:$E$286,"Esas denetim"),"") -> 90 | G5: =IF(OR(E5="",F5=""),"",E5-F5) -> 6.1111111 | H5: =IFERROR(AVERAGEIFS(Denetimler!$L$2:$L$286,Denetimler!$C$2:$C$286,$A5,Denetimler!$D$2:$D$286,"RSA",Denetimler!$E$2:$E$286,"İç denetim"),"") -> 92.032967 | I5: =IFERROR(AVERAGEIFS(Denetimler!$L$2:$L$286,Denetimler!$C$2:$C$286,$A5,Denetimler!$D$2:$D$286,"RSA",Denetimler!$E$2:$E$286,"Esas denetim"),"") -> 92.307692 | J5: =IF(OR(H5="",I5=""),"",H5-I5) -> -0.27472527 | K5: =IFERROR(AVERAGE(C5,F5,I5),"") -> 89.519231 | L5: =IFERROR(RANK(K5,$K$5:$K$12),"") -> 3 | M5: =COUNTIF(Bulgular!$H$2:$H$570,A5) -> 27 | N5: =COUNTIFS(Bulgular!$H$2:$H$570,A5,Bulgular!$F$2:$F$570,"Kritik") -> 6 | O5: =COUNTIFS(DOF_Takip!$C$2:$C$200,A5,DOF_Takip!$J$2:$J$200,"Açık")+COUNTIFS(DOF_Takip!$C$2:$C$200,A5,DOF_Takip!$J$2:$J$200,"Gecikmiş") -> 0 | P5: =COUNTIFS(DOF_Takip!$C$2:$C$200,A5,DOF_Takip!$J$2:$J$200,"Gecikmiş") -> 0
A6: =Magazalar!A3 -> Mağaza B | B6: =IFERROR(AVERAGEIFS(Denetimler!$L$2:$L$286,Denetimler!$C$2:$C$286,$A6,Denetimler!$D$2:$D$286,"ASA",Denetimler!$E$2:$E$286,"İç denetim"),"") -> 90.625 | C6: =IFERROR(AVERAGEIFS(Denetimler!$L$2:$L$286,Denetimler!$C$2:$C$286,$A6,Denetimler!$D$2:$D$286,"ASA",Denetimler!$E$2:$E$286,"Esas denetim"),"") -> 96.25 | D6: =IF(OR(B6="",C6=""),"",B6-C6) -> -5.625 | E6: =IFERROR(AVERAGEIFS(Denetimler!$L$2:$L$286,Denetimler!$C$2:$C$286,$A6,Denetimler!$D$2:$D$286,"PAP",Denetimler!$E$2:$E$286,"İç denetim"),"") -> 86.666667 | F6: =IFERROR(AVERAGEIFS(Denetimler!$L$2:$L$286,Denetimler!$C$2:$C$286,$A6,Denetimler!$D$2:$D$286,"PAP",Denetimler!$E$2:$E$286,"Esas denetim"),"") -> 88.333333 | G6: =IF(OR(E6="",F6=""),"",E6-F6) -> -1.6666667 | H6: =IFERROR(AVERAGEIFS(Denetimler!$L$2:$L$286,Denetimler!$C$2:$C$286,$A6,Denetimler!$D$2:$D$286,"RSA",Denetimler!$E$2:$E$286,"İç denetim"),"") -> 94.230769 | I6: =IFERROR(AVERAGEIFS(Denetimler!$L$2:$L$286,Denetimler!$C$2:$C$286,$A6,Denetimler!$D$2:$D$286,"RSA",Denetimler!$E$2:$E$286,"Esas denetim"),"") -> 98.351648 | J6: =IF(OR(H6="",I6=""),"",H6-I6) -> -4.1208791 | K6: =IFERROR(AVERAGE(C6,F6,I6),"") -> 94.311661 | L6: =IFERROR(RANK(K6,$K$5:$K$12),"") -> 2 | M6: =COUNTIF(Bulgular!$H$2:$H$570,A6) -> 21 | N6: =COUNTIFS(Bulgular!$H$2:$H$570,A6,Bulgular!$F$2:$F$570,"Kritik") -> 6 | O6: =COUNTIFS(DOF_Takip!$C$2:$C$200,A6,DOF_Takip!$J$2:$J$200,"Açık")+COUNTIFS(DOF_Takip!$C$2:$C$200,A6,DOF_Takip!$J$2:$J$200,"Gecikmiş") -> 1 | P6: =COUNTIFS(DOF_Takip!$C$2:$C$200,A6,DOF_Takip!$J$2:$J$200,"Gecikmiş") -> 1
A7: =Magazalar!A4 -> Mağaza C | B7: =IFERROR(AVERAGEIFS(Denetimler!$L$2:$L$286,Denetimler!$C$2:$C$286,$A7,Denetimler!$D$2:$D$286,"ASA",Denetimler!$E$2:$E$286,"İç denetim"),"") -> 92.083333 | C7: =IFERROR(AVERAGEIFS(Denetimler!$L$2:$L$286,Denetimler!$C$2:$C$286,$A7,Denetimler!$D$2:$D$286,"ASA",Denetimler!$E$2:$E$286,"Esas denetim"),"") -> 96.25 | D7: =IF(OR(B7="",C7=""),"",B7-C7) -> -4.1666667 | E7: =IFERROR(AVERAGEIFS(Denetimler!$L$2:$L$286,Denetimler!$C$2:$C$286,$A7,Denetimler!$D$2:$D$286,"PAP",Denetimler!$E$2:$E$286,"İç denetim"),"") -> 91.666667 | F7: =IFERROR(AVERAGEIFS(Denetimler!$L$2:$L$286,Denetimler!$C$2:$C$286,$A7,Denetimler!$D$2:$D$286,"PAP",Denetimler!$E$2:$E$286,"Esas denetim"),"") -> 91.666667 | G7: =IF(OR(E7="",F7=""),"",E7-F7) -> 0 | H7: =IFERROR(AVERAGEIFS(Denetimler!$L$2:$L$286,Denetimler!$C$2:$C$286,$A7,Denetimler!$D$2:$D$286,"RSA",Denetimler!$E$2:$E$286,"İç denetim"),"") -> 93.589744 | I7: =IFERROR(AVERAGEIFS(Denetimler!$L$2:$L$286,Denetimler!$C$2:$C$286,$A7,Denetimler!$D$2:$D$286,"RSA",Denetimler!$E$2:$E$286,"Esas denetim"),"") -> 96.703297 | J7: =IF(OR(H7="",I7=""),"",H7-I7) -> -3.1135531 | K7: =IFERROR(AVERAGE(C7,F7,I7),"") -> 94.873321 | L7: =IFERROR(RANK(K7,$K$5:$K$12),"") -> 1 | M7: =COUNTIF(Bulgular!$H$2:$H$570,A7) -> 28 | N7: =COUNTIFS(Bulgular!$H$2:$H$570,A7,Bulgular!$F$2:$F$570,"Kritik") -> 4 | O7: =COUNTIFS(DOF_Takip!$C$2:$C$200,A7,DOF_Takip!$J$2:$J$200,"Açık")+COUNTIFS(DOF_Takip!$C$2:$C$200,A7,DOF_Takip!$J$2:$J$200,"Gecikmiş") -> 0 | P7: =COUNTIFS(DOF_Takip!$C$2:$C$200,A7,DOF_Takip!$J$2:$J$200,"Gecikmiş") -> 0
A8: =Magazalar!A5 -> Mağaza D | B8: =IFERROR(AVERAGEIFS(Denetimler!$L$2:$L$286,Denetimler!$C$2:$C$286,$A8,Denetimler!$D$2:$D$286,"ASA",Denetimler!$E$2:$E$286,"İç denetim"),"") -> 86.875 | C8: =IFERROR(AVERAGEIFS(Denetimler!$L$2:$L$286,Denetimler!$C$2:$C$286,$A8,Denetimler!$D$2:$D$286,"ASA",Denetimler!$E$2:$E$286,"Esas denetim"),"") -> 96.25 | D8: =IF(OR(B8="",C8=""),"",B8-C8) -> -9.375 | E8: =IFERROR(AVERAGEIFS(Denetimler!$L$2:$L$286,Denetimler!$C$2:$C$286,$A8,Denetimler!$D$2:$D$286,"PAP",Denetimler!$E$2:$E$286,"İç denetim"),"") -> 78.333333 | F8: =IFERROR(AVERAGEIFS(Denetimler!$L$2:$L$286,Denetimler!$C$2:$C$286,$A8,Denetimler!$D$2:$D$286,"PAP",Denetimler!$E$2:$E$286,"Esas denetim"),"") -> 75 | G8: =IF(OR(E8="",F8=""),"",E8-F8) -> 3.3333333 | H8: =IFERROR(AVERAGEIFS(Denetimler!$L$2:$L$286,Denetimler!$C$2:$C$286,$A8,Denetimler!$D$2:$D$286,"RSA",Denetimler!$E$2:$E$286,"İç denetim"),"") -> 94.688645 | I8: =IFERROR(AVERAGEIFS(Denetimler!$L$2:$L$286,Denetimler!$C$2:$C$286,$A8,Denetimler!$D$2:$D$286,"RSA",Denetimler!$E$2:$E$286,"Esas denetim"),"") -> 96.153846 | J8: =IF(OR(H8="",I8=""),"",H8-I8) -> -1.4652015 | K8: =IFERROR(AVERAGE(C8,F8,I8),"") -> 89.134615 | L8: =IFERROR(RANK(K8,$K$5:$K$12),"") -> 4 | M8: =COUNTIF(Bulgular!$H$2:$H$570,A8) -> 38 | N8: =COUNTIFS(Bulgular!$H$2:$H$570,A8,Bulgular!$F$2:$F$570,"Kritik") -> 4 | O8: =COUNTIFS(DOF_Takip!$C$2:$C$200,A8,DOF_Takip!$J$2:$J$200,"Açık")+COUNTIFS(DOF_Takip!$C$2:$C$200,A8,DOF_Takip!$J$2:$J$200,"Gecikmiş") -> 3 | P8: =COUNTIFS(DOF_Takip!$C$2:$C$200,A8,DOF_Takip!$J$2:$J$200,"Gecikmiş") -> 3
A9: =Magazalar!A6 -> Mağaza E | B9: =IFERROR(AVERAGEIFS(Denetimler!$L$2:$L$286,Denetimler!$C$2:$C$286,$A9,Denetimler!$D$2:$D$286,"ASA",Denetimler!$E$2:$E$286,"İç denetim"),"") -> 95.416667 | C9: =IFERROR(AVERAGEIFS(Denetimler!$L$2:$L$286,Denetimler!$C$2:$C$286,$A9,Denetimler!$D$2:$D$286,"ASA",Denetimler!$E$2:$E$286,"Esas denetim"),"") -> 83.75 | D9: =IF(OR(B9="",C9=""),"",B9-C9) -> 11.666667 | E9: =IFERROR(AVERAGEIFS(Denetimler!$L$2:$L$286,Denetimler!$C$2:$C$286,$A9,Denetimler!$D$2:$D$286,"PAP",Denetimler!$E$2:$E$286,"İç denetim"),"") -> 89.444444 | F9: =IFERROR(AVERAGEIFS(Denetimler!$L$2:$L$286,Denetimler!$C$2:$C$286,$A9,Denetimler!$D$2:$D$286,"PAP",Denetimler!$E$2:$E$286,"Esas denetim"),"") -> 78.333333 | G9: =IF(OR(E9="",F9=""),"",E9-F9) -> 11.111111 | H9: =IFERROR(AVERAGEIFS(Denetimler!$L$2:$L$286,Denetimler!$C$2:$C$286,$A9,Denetimler!$D$2:$D$286,"RSA",Denetimler!$E$2:$E$286,"İç denetim"),"") -> 97.527473 | I9: =IFERROR(AVERAGEIFS(Denetimler!$L$2:$L$286,Denetimler!$C$2:$C$286,$A9,Denetimler!$D$2:$D$286,"RSA",Denetimler!$E$2:$E$286,"Esas denetim"),"") -> 91.208791 | J9: =IF(OR(H9="",I9=""),"",H9-I9) -> 6.3186813 | K9: =IFERROR(AVERAGE(C9,F9,I9),"") -> 84.430708 | L9: =IFERROR(RANK(K9,$K$5:$K$12),"") -> 6 | M9: =COUNTIF(Bulgular!$H$2:$H$570,A9) -> 27 | N9: =COUNTIFS(Bulgular!$H$2:$H$570,A9,Bulgular!$F$2:$F$570,"Kritik") -> 5 | O9: =COUNTIFS(DOF_Takip!$C$2:$C$200,A9,DOF_Takip!$J$2:$J$200,"Açık")+COUNTIFS(DOF_Takip!$C$2:$C$200,A9,DOF_Takip!$J$2:$J$200,"Gecikmiş") -> 1 | P9: =COUNTIFS(DOF_Takip!$C$2:$C$200,A9,DOF_Takip!$J$2:$J$200,"Gecikmiş") -> 1
A10: =Magazalar!A7 -> Mağaza F | B10: =IFERROR(AVERAGEIFS(Denetimler!$L$2:$L$286,Denetimler!$C$2:$C$286,$A10,Denetimler!$D$2:$D$286,"ASA",Denetimler!$E$2:$E$286,"İç denetim"),"") -> 93.333333 | C10: =IFERROR(AVERAGEIFS(Denetimler!$L$2:$L$286,Denetimler!$C$2:$C$286,$A10,Denetimler!$D$2:$D$286,"ASA",Denetimler!$E$2:$E$286,"Esas denetim"),"") -> 72.5 | D10: =IF(OR(B10="",C10=""),"",B10-C10) -> 20.833333 | E10: =IFERROR(AVERAGEIFS(Denetimler!$L$2:$L$286,Denetimler!$C$2:$C$286,$A10,Denetimler!$D$2:$D$286,"PAP",Denetimler!$E$2:$E$286,"İç denetim"),"") -> 79.444444 | F10: =IFERROR(AVERAGEIFS(Denetimler!$L$2:$L$286,Denetimler!$C$2:$C$286,$A10,Denetimler!$D$2:$D$286,"PAP",Denetimler!$E$2:$E$286,"Esas denetim"),"") -> 80 | G10: =IF(OR(E10="",F10=""),"",E10-F10) -> -0.55555556 | H10: =IFERROR(AVERAGEIFS(Denetimler!$L$2:$L$286,Denetimler!$C$2:$C$286,$A10,Denetimler!$D$2:$D$286,"RSA",Denetimler!$E$2:$E$286,"İç denetim"),"") -> 92.490842 | I10: =IFERROR(AVERAGEIFS(Denetimler!$L$2:$L$286,Denetimler!$C$2:$C$286,$A10,Denetimler!$D$2:$D$286,"RSA",Denetimler!$E$2:$E$286,"Esas denetim"),"") -> 98.351648 | J10: =IF(OR(H10="",I10=""),"",H10-I10) -> -5.8608059 | K10: =IFERROR(AVERAGE(C10,F10,I10),"") -> 83.617216 | L10: =IFERROR(RANK(K10,$K$5:$K$12),"") -> 7 | M10: =COUNTIF(Bulgular!$H$2:$H$570,A10) -> 44 | N10: =COUNTIFS(Bulgular!$H$2:$H$570,A10,Bulgular!$F$2:$F$570,"Kritik") -> 8 | O10: =COUNTIFS(DOF_Takip!$C$2:$C$200,A10,DOF_Takip!$J$2:$J$200,"Açık")+COUNTIFS(DOF_Takip!$C$2:$C$200,A10,DOF_Takip!$J$2:$J$200,"Gecikmiş") -> 1 | P10: =COUNTIFS(DOF_Takip!$C$2:$C$200,A10,DOF_Takip!$J$2:$J$200,"Gecikmiş") -> 1
A11: =Magazalar!A8 -> Mağaza G | B11: =IFERROR(AVERAGEIFS(Denetimler!$L$2:$L$286,Denetimler!$C$2:$C$286,$A11,Denetimler!$D$2:$D$286,"ASA",Denetimler!$E$2:$E$286,"İç denetim"),"") -> 81.25 | C11: =IFERROR(AVERAGEIFS(Denetimler!$L$2:$L$286,Denetimler!$C$2:$C$286,$A11,Denetimler!$D$2:$D$286,"ASA",Denetimler!$E$2:$E$286,"Esas denetim"),"") -> 92.5 | D11: =IF(OR(B11="",C11=""),"",B11-C11) -> -11.25 | E11: =IFERROR(AVERAGEIFS(Denetimler!$L$2:$L$286,Denetimler!$C$2:$C$286,$A11,Denetimler!$D$2:$D$286,"PAP",Denetimler!$E$2:$E$286,"İç denetim"),"") -> 73.888889 | F11: =IFERROR(AVERAGEIFS(Denetimler!$L$2:$L$286,Denetimler!$C$2:$C$286,$A11,Denetimler!$D$2:$D$286,"PAP",Denetimler!$E$2:$E$286,"Esas denetim"),"") -> 65 | G11: =IF(OR(E11="",F11=""),"",E11-F11) -> 8.8888889 | H11: =IFERROR(AVERAGEIFS(Denetimler!$L$2:$L$286,Denetimler!$C$2:$C$286,$A11,Denetimler!$D$2:$D$286,"RSA",Denetimler!$E$2:$E$286,"İç denetim"),"") -> 95.054945 | I11: =IFERROR(AVERAGEIFS(Denetimler!$L$2:$L$286,Denetimler!$C$2:$C$286,$A11,Denetimler!$D$2:$D$286,"RSA",Denetimler!$E$2:$E$286,"Esas denetim"),"") -> 92.857143 | J11: =IF(OR(H11="",I11=""),"",H11-I11) -> 2.1978022 | K11: =IFERROR(AVERAGE(C11,F11,I11),"") -> 83.452381 | L11: =IFERROR(RANK(K11,$K$5:$K$12),"") -> 8 | M11: =COUNTIF(Bulgular!$H$2:$H$570,A11) -> 44 | N11: =COUNTIFS(Bulgular!$H$2:$H$570,A11,Bulgular!$F$2:$F$570,"Kritik") -> 11 | O11: =COUNTIFS(DOF_Takip!$C$2:$C$200,A11,DOF_Takip!$J$2:$J$200,"Açık")+COUNTIFS(DOF_Takip!$C$2:$C$200,A11,DOF_Takip!$J$2:$J$200,"Gecikmiş") -> 1 | P11: =COUNTIFS(DOF_Takip!$C$2:$C$200,A11,DOF_Takip!$J$2:$J$200,"Gecikmiş") -> 1
A12: =Magazalar!A9 -> Mağaza H | B12: =IFERROR(AVERAGEIFS(Denetimler!$L$2:$L$286,Denetimler!$C$2:$C$286,$A12,Denetimler!$D$2:$D$286,"ASA",Denetimler!$E$2:$E$286,"İç denetim"),"") -> 83.75 | C12: =IFERROR(AVERAGEIFS(Denetimler!$L$2:$L$286,Denetimler!$C$2:$C$286,$A12,Denetimler!$D$2:$D$286,"ASA",Denetimler!$E$2:$E$286,"Esas denetim"),"") -> 82.5 | D12: =IF(OR(B12="",C12=""),"",B12-C12) -> 1.25 | E12: =IFERROR(AVERAGEIFS(Denetimler!$L$2:$L$286,Denetimler!$C$2:$C$286,$A12,Denetimler!$D$2:$D$286,"PAP",Denetimler!$E$2:$E$286,"İç denetim"),"") -> 80 | F12: =IFERROR(AVERAGEIFS(Denetimler!$L$2:$L$286,Denetimler!$C$2:$C$286,$A12,Denetimler!$D$2:$D$286,"PAP",Denetimler!$E$2:$E$286,"Esas denetim"),"") -> 78.333333 | G12: =IF(OR(E12="",F12=""),"",E12-F12) -> 1.6666667 | H12: =IFERROR(AVERAGEIFS(Denetimler!$L$2:$L$286,Denetimler!$C$2:$C$286,$A12,Denetimler!$D$2:$D$286,"RSA",Denetimler!$E$2:$E$286,"İç denetim"),"") -> 94.688645 | I12: =IFERROR(AVERAGEIFS(Denetimler!$L$2:$L$286,Denetimler!$C$2:$C$286,$A12,Denetimler!$D$2:$D$286,"RSA",Denetimler!$E$2:$E$286,"Esas denetim"),"") -> 92.857143 | J12: =IF(OR(H12="",I12=""),"",H12-I12) -> 1.8315018 | K12: =IFERROR(AVERAGE(C12,F12,I12),"") -> 84.563492 | L12: =IFERROR(RANK(K12,$K$5:$K$12),"") -> 5 | M12: =COUNTIF(Bulgular!$H$2:$H$570,A12) -> 40 | N12: =COUNTIFS(Bulgular!$H$2:$H$570,A12,Bulgular!$F$2:$F$570,"Kritik") -> 8 | O12: =COUNTIFS(DOF_Takip!$C$2:$C$200,A12,DOF_Takip!$J$2:$J$200,"Açık")+COUNTIFS(DOF_Takip!$C$2:$C$200,A12,DOF_Takip!$J$2:$J$200,"Gecikmiş") -> 0 | P12: =COUNTIFS(DOF_Takip!$C$2:$C$200,A12,DOF_Takip!$J$2:$J$200,"Gecikmiş") -> 0
A13: BÖLGE | B13: =IFERROR(AVERAGE(B5:B12),"") -> 89.088542 | C13: =IFERROR(AVERAGE(C5:C12),"") -> 88.28125 | D13: =IFERROR(AVERAGE(D5:D12),"") -> 0.80729167 | E13: =IFERROR(AVERAGE(E5:E12),"") -> 84.444444 | F13: =IFERROR(AVERAGE(F5:F12),"") -> 80.833333 | G13: =IFERROR(AVERAGE(G5:G12),"") -> 3.6111111 | H13: =IFERROR(AVERAGE(H5:H12),"") -> 94.288004 | I13: =IFERROR(AVERAGE(I5:I12),"") -> 94.848901 | ... K13: =IFERROR(AVERAGE(K5:K12),"") -> 87.987828 | M13: =SUM(M5:M12) -> 269 | N13: =SUM(N5:N12) -> 52 | O13: =SUM(O5:O12) -> 7 | P13: =SUM(P5:P12) -> 7
A15: Takvim durumu
A16: Yapılan iç denetim | C16: =COUNTIF(Denetim_Takvimi!$G:$G,"Yapıldı") -> 61
A17: Geciken iç denetim | C17: =COUNTIF(Denetim_Takvimi!$G:$G,"Gecikti") -> 11
A18: 30 gün içinde iç denetim | C18: =COUNTIF(Denetim_Takvimi!$G:$G,"Yaklaşıyor") -> 12
A19: 30 gün içinde esas denetim | C19: =COUNTIF(Denetim_Takvimi!$N:$N,"Yaklaşıyor") -> 5
A20: Rotasyon uyarısı | C20: =COUNTA(Denetim_Takvimi!$H$5:$H$100)-COUNTIF(Denetim_Takvimi!$H$5:$H$100,"Uygun*") -> 1

Sheet Oncelik_Listesi
A1: En Sık Tekrar Eden Uygunsuzluklar — Eğitim Önceliği
A2: Filtre: | B2: Tümü | C2: Tümü / ASA / PAP / RSA
A3: Ağırlıklı skor = bulgu sayısı × önem katsayısı (kritik 2, major 1,5, minör 1). Liste skora göre büyükten küçüğe sıralanır.
A5: Sıra | B5: Madde Kodu | C5: Madde | D5: Tür | E5: Önem | F5: Bulgu (iç) | G5: Bulgu (esas) | H5: Ağırlıklı Skor | I5: Eğitim Konusu | J5: En Sık Görüldüğü Mağaza | L5: Satır | N5: Kod | O5: Bulgu (iç) | P5: Bulgu (esas) | Q5: Toplam | R5: Ağırlıklı Skor | S5: Sıralama Anahtarı
A6: =IF(L6="","",1) -> 1 | B6: =IF(L6="","",INDEX(Madde_Listesi!$B$2:$B$24,L6)) -> P-1.1 | C6: =IF(L6="","",INDEX(Madde_Listesi!$C$2:$C$24,L6)) -> Kasa farkları kayıt altına alınmış ve açıklanmış | D6: =IF(L6="","",INDEX(Madde_Listesi!$A$2:$A$24,L6)) -> PAP | E6: =IF(L6="","",INDEX(Madde_Listesi!$E$2:$E$24,L6)) -> Kritik | F6: =IF(L6="","",INDEX($O$6:$O$28,L6)) -> 21 | G6: =IF(L6="","",INDEX($P$6:$P$28,L6)) -> 7 | H6: =IF(L6="","",INDEX($R$6:$R$28,L6)) -> 56 | I6: =IF(L6="","",INDEX(Madde_Listesi!$F$2:$F$24,L6)) -> Kasa prosedürleri | J6: =IF(L6="","",INDEX(Madde_Magaza!$B$1:$I$1,MATCH(MAX(INDEX(Madde_Magaza!$B$2:$I$24,L6,0)),INDEX(Madde_Magaza!$B$2:$I$24,L6,0),0))) -> Mağaza G | L6: =IFERROR(MATCH(LARGE($S$6:$S$28,1),$S$6:$S$28,0),"") -> 17 | N6: =Madde_Listesi!B2 -> R-1.2 | O6: =COUNTIFS(Bulgular!$B$2:$B$570,N6,Bulgular!$J$2:$J$570,"İç denetim") -> 8 | P6: =COUNTIFS(Bulgular!$B$2:$B$570,N6,Bulgular!$J$2:$J$570,"Esas denetim") -> 3 | Q6: =O6+P6 -> 11 | R6: =Q6*INDEX(Ayarlar!$B$6:$B$8,MATCH(Madde_Listesi!E2,Ayarlar!$A$6:$A$8,0)) -> 16.5 | S6: =IF(OR($B$2="Tümü",Madde_Listesi!A2=$B$2),IF(Q6>0,R6+ROW()/10000,""),"") -> 16.5006
A7: =IF(L7="","",2) -> 2 | B7: =IF(L7="","",INDEX(Madde_Listesi!$B$2:$B$24,L7)) -> A-3.2 | C7: =IF(L7="","",INDEX(Madde_Listesi!$C$2:$C$24,L7)) -> Stok sayımı ve sipariş kayıtları tutarlı | D7: =IF(L7="","",INDEX(Madde_Listesi!$A$2:$A$24,L7)) -> ASA | E7: =IF(L7="","",INDEX(Madde_Listesi!$E$2:$E$24,L7)) -> Major | F7: =IF(L7="","",INDEX($O$6:$O$28,L7)) -> 19 | G7: =IF(L7="","",INDEX($P$6:$P$28,L7)) -> 11 | H7: =IF(L7="","",INDEX($R$6:$R$28,L7)) -> 45 | I7: =IF(L7="","",INDEX(Madde_Listesi!$F$2:$F$24,L7)) -> Stok ve sipariş yönetimi | J7: =IF(L7="","",INDEX(Madde_Magaza!$B$1:$I$1,MATCH(MAX(INDEX(Madde_Magaza!$B$2:$I$24,L7,0)),INDEX(Madde_Magaza!$B$2:$I$24,L7,0),0))) -> Mağaza H | L7: =IFERROR(MATCH(LARGE($S$6:$S$28,2),$S$6:$S$28,0),"") -> 15 | N7: =Madde_Listesi!B3 -> R-2.1 | O7: =COUNTIFS(Bulgular!$B$2:$B$570,N7,Bulgular!$J$2:$J$570,"İç denetim") -> 4 | P7: =COUNTIFS(Bulgular!$B$2:$B$570,N7,Bulgular!$J$2:$J$570,"Esas denetim") -> 2 | Q7: =O7+P7 -> 6 | R7: =Q7*INDEX(Ayarlar!$B$6:$B$8,MATCH(Madde_Listesi!E3,Ayarlar!$A$6:$A$8,0)) -> 12 | S7: =IF(OR($B$2="Tümü",Madde_Listesi!A3=$B$2),IF(Q7>0,R7+ROW()/10000,""),"") -> 12.0007
A8: =IF(L8="","",3) -> 3 | B8: =IF(L8="","",INDEX(Madde_Listesi!$B$2:$B$24,L8)) -> R-2.2 | C8: =IF(L8="","",INDEX(Madde_Listesi!$C$2:$C$24,L8)) -> Sıcaklık kayıtları tam ve zamanında tutulmuş | D8: =IF(L8="","",INDEX(Madde_Listesi!$A$2:$A$24,L8)) -> RSA | E8: =IF(L8="","",INDEX(Madde_Listesi!$E$2:$E$24,L8)) -> Major | F8: =IF(L8="","",INDEX($O$6:$O$28,L8)) -> 23 | G8: =IF(L8="","",INDEX($P$6:$P$28,L8)) -> 7 | H8: =IF(L8="","",INDEX($R$6:$R$28,L8)) -> 45 | I8: =IF(L8="","",INDEX(Madde_Listesi!$F$2:$F$24,L8)) -> Soğuk zincir ve sıcaklık kontrolü | J8: =IF(L8="","",INDEX(Madde_Magaza!$B$1:$I$1,MATCH(MAX(INDEX(Madde_Magaza!$B$2:$I$24,L8,0)),INDEX(Madde_Magaza!$B$2:$I$24,L8,0),0))) -> Mağaza F | L8: =IFERROR(MATCH(LARGE($S$6:$S$28,3),$S$6:$S$28,0),"") -> 3 | N8: =Madde_Listesi!B4 -> R-2.2 | O8: =COUNTIFS(Bulgular!$B$2:$B$570,N8,Bulgular!$J$2:$J$570,"İç denetim") -> 23 | P8: =COUNTIFS(Bulgular!$B$2:$B$570,N8,Bulgular!$J$2:$J$570,"Esas denetim") -> 7 | Q8: =O8+P8 -> 30 | R8: =Q8*INDEX(Ayarlar!$B$6:$B$8,MATCH(Madde_Listesi!E4,Ayarlar!$A$6:$A$8,0)) -> 45 | S8: =IF(OR($B$2="Tümü",Madde_Listesi!A4=$B$2),IF(Q8>0,R8+ROW()/10000,""),"") -> 45.0008
A9: =IF(L9="","",4) -> 4 | B9: =IF(L9="","",INDEX(Madde_Listesi!$B$2:$B$24,L9)) -> R-4.3 | C9: =IF(L9="","",INDEX(Madde_Listesi!$C$2:$C$24,L9)) -> Kimyasallar etiketli ve gıdadan ayrı saklanıyor | D9: =IF(L9="","",INDEX(Madde_Listesi!$A$2:$A$24,L9)) -> RSA | E9: =IF(L9="","",INDEX(Madde_Listesi!$E$2:$E$24,L9)) -> Major | F9: =IF(L9="","",INDEX($O$6:$O$28,L9)) -> 16 | G9: =IF(L9="","",INDEX($P$6:$P$28,L9)) -> 2 | H9: =IF(L9="","",INDEX($R$6:$R$28,L9)) -> 27 | I9: =IF(L9="","",INDEX(Madde_Listesi!$F$2:$F$24,L9)) -> Kimyasal güvenliği | J9: =IF(L9="","",INDEX(Madde_Magaza!$B$1:$I$1,MATCH(MAX(INDEX(Madde_Magaza!$B$2:$I$24,L9,0)),INDEX(Madde_Magaza!$B$2:$I$24,L9,0),0))) -> Mağaza C | L9: =IFERROR(MATCH(LARGE($S$6:$S$28,4),$S$6:$S$28,0),"") -> 8 | N9: =Madde_Listesi!B5 -> R-3.1 | O9: =COUNTIFS(Bulgular!$B$2:$B$570,N9,Bulgular!$J$2:$J$570,"İç denetim") -> 4 | P9: =COUNTIFS(Bulgular!$B$2:$B$570,N9,Bulgular!$J$2:$J$570,"Esas denetim") -> 0 | Q9: =O9+P9 -> 4 | R9: =Q9*INDEX(Ayarlar!$B$6:$B$8,MATCH(Madde_Listesi!E5,Ayarlar!$A$6:$A$8,0)) -> 6 | S9: =IF(OR($B$2="Tümü",Madde_Listesi!A5=$B$2),IF(Q9>0,R9+ROW()/10000,""),"") -> 6.0009
A10: =IF(L10="","",5) -> 5 | B10: =IF(L10="","",INDEX(Madde_Listesi!$B$2:$B$24,L10)) -> A-1.1 | C10: =IF(L10="","",INDEX(Madde_Listesi!$C$2:$C$24,L10)) -> Vardiya planı yoğunluğa uygun hazırlanmış | D10: =IF(L10="","",INDEX(Madde_Listesi!$A$2:$A$24,L10)) -> ASA | E10: =IF(L10="","",INDEX(Madde_Listesi!$E$2:$E$24,L10)) -> Major | F10: =IF(L10="","",INDEX($O$6:$O$28,L10)) -> 12 | G10: =IF(L10="","",INDEX($P$6:$P$28,L10)) -> 4 | H10: =IF(L10="","",INDEX($R$6:$R$28,L10)) -> 24 | I10: =IF(L10="","",INDEX(Madde_Listesi!$F$2:$F$24,L10)) -> Vardiya planlama | J10: =IF(L10="","",INDEX(Madde_Magaza!$B$1:$I$1,MATCH(MAX(INDEX(Madde_Magaza!$B$2:$I$24,L10,0)),INDEX(Madde_Magaza!$B$2:$I$24,L10,0),0))) -> Mağaza G | L10: =IFERROR(MATCH(LARGE($S$6:$S$28,5),$S$6:$S$28,0),"") -> 10 | N10: =Madde_Listesi!B6 -> R-3.2 | O10: =COUNTIFS(Bulgular!$B$2:$B$570,N10,Bulgular!$J$2:$J$570,"İç denetim") -> 1 | P10: =COUNTIFS(Bulgular!$B$2:$B$570,N10,Bulgular!$J$2:$J$570,"Esas denetim") -> 2 | Q10: =O10+P10 -> 3 | R10: =Q10*INDEX(Ayarlar!$B$6:$B$8,MATCH(Madde_Listesi!E6,Ayarlar!$A$6:$A$8,0)) -> 3 | S10: =IF(OR($B$2="Tümü",Madde_Listesi!A6=$B$2),IF(Q10>0,R10+ROW()/10000,""),"") -> 3.001
A11: =IF(L11="","",6) -> 6 | B11: =IF(L11="","",INDEX(Madde_Listesi!$B$2:$B$24,L11)) -> R-4.1 | C11: =IF(L11="","",INDEX(Madde_Listesi!$C$2:$C$24,L11)) -> Ürünlerin son kullanma tarihleri geçerli ve etiketli | D11: =IF(L11="","",INDEX(Madde_Listesi!$A$2:$A$24,L11)) -> RSA | E11: =IF(L11="","",INDEX(Madde_Listesi!$E$2:$E$24,L11)) -> Kritik | F11: =IF(L11="","",INDEX($O$6:$O$28,L11)) -> 6 | G11: =IF(L11="","",INDEX($P$6:$P$28,L11)) -> 6 | H11: =IF(L11="","",INDEX($R$6:$R$28,L11)) -> 24 | I11: =IF(L11="","",INDEX(Madde_Listesi!$F$2:$F$24,L11)) -> Ürün tarihleme ve etiketleme | J11: =IF(L11="","",INDEX(Madde_Magaza!$B$1:$I$1,MATCH(MAX(INDEX(Madde_Magaza!$B$2:$I$24,L11,0)),INDEX(Madde_Magaza!$B$2:$I$24,L11,0),0))) -> Mağaza A | L11: =IFERROR(MATCH(LARGE($S$6:$S$28,6),$S$6:$S$28,0),"") -> 6 | N11: =Madde_Listesi!B7 -> R-4.1 | O11: =COUNTIFS(Bulgular!$B$2:$B$570,N11,Bulgular!$J$2:$J$570,"İç denetim") -> 6 | P11: =COUNTIFS(Bulgular!$B$2:$B$570,N11,Bulgular!$J$2:$J$570,"Esas denetim") -> 6 | Q11: =O11+P11 -> 12 | R11: =Q11*INDEX(Ayarlar!$B$6:$B$8,MATCH(Madde_Listesi!E7,Ayarlar!$A$6:$A$8,0)) -> 24 | S11: =IF(OR($B$2="Tümü",Madde_Listesi!A7=$B$2),IF(Q11>0,R11+ROW()/10000,""),"") -> 24.0011
A12: =IF(L12="","",7) -> 7 | B12: =IF(L12="","",INDEX(Madde_Listesi!$B$2:$B$24,L12)) -> P-3.1 | C12: =IF(L12="","",INDEX(Madde_Listesi!$C$2:$C$24,L12)) -> Depo ve kasa anahtarları yetkili kişide | D12: =IF(L12="","",INDEX(Madde_Listesi!$A$2:$A$24,L12)) -> PAP | E12: =IF(L12="","",INDEX(Madde_Listesi!$E$2:$E$24,L12)) -> Major | F12: =IF(L12="","",INDEX($O$6:$O$28,L12)) -> 12 | G12: =IF(L12="","",INDEX($P$6:$P$28,L12)) -> 3 | H12: =IF(L12="","",INDEX($R$6:$R$28,L12)) -> 22.5 | I12: =IF(L12="","",INDEX(Madde_Listesi!$F$2:$F$24,L12)) -> Mağaza güvenliği | J12: =IF(L12="","",INDEX(Madde_Magaza!$B$1:$I$1,MATCH(MAX(INDEX(Madde_Magaza!$B$2:$I$24,L12,0)),INDEX(Madde_Magaza!$B$2:$I$24,L12,0),0))) -> Mağaza D | L12: =IFERROR(MATCH(LARGE($S$6:$S$28,7),$S$6:$S$28,0),"") -> 21 | N12: =Madde_Listesi!B8 -> R-4.2 | O12: =COUNTIFS(Bulgular!$B$2:$B$570,N12,Bulgular!$J$2:$J$570,"İç denetim") -> 4 | P12: =COUNTIFS(Bulgular!$B$2:$B$570,N12,Bulgular!$J$2:$J$570,"Esas denetim") -> 1 | Q12: =O12+P12 -> 5 | R12: =Q12*INDEX(Ayarlar!$B$6:$B$8,MATCH(Madde_Listesi!E8,Ayarlar!$A$6:$A$8,0)) -> 7.5 | S12: =IF(OR($B$2="Tümü",Madde_Listesi!A8=$B$2),IF(Q12>0,R12+ROW()/10000,""),"") -> 7.5012
A13: =IF(L13="","",8) -> 8 | B13: =IF(L13="","",INDEX(Madde_Listesi!$B$2:$B$24,L13)) -> P-2.1 | C13: =IF(L13="","",INDEX(Madde_Listesi!$C$2:$C$24,L13)) -> İptal ve iade işlemleri yönetici onaylı | D13: =IF(L13="","",INDEX(Madde_Listesi!$A$2:$A$24,L13)) -> PAP | E13: =IF(L13="","",INDEX(Madde_Listesi!$E$2:$E$24,L13)) -> Major | F13: =IF(L13="","",INDEX($O$6:$O$28,L13)) -> 9 | G13: =IF(L13="","",INDEX($P$6:$P$28,L13)) -> 6 | H13: =IF(L13="","",INDEX($R$6:$R$28,L13)) -> 22.5 | I13: =IF(L13="","",INDEX(Madde_Listesi!$F$2:$F$24,L13)) -> İptal ve iade süreçleri | J13: =IF(L13="","",INDEX(Madde_Magaza!$B$1:$I$1,MATCH(MAX(INDEX(Madde_Magaza!$B$2:$I$24,L13,0)),INDEX(Madde_Magaza!$B$2:$I$24,L13,0),0))) -> Mağaza D | L13: =IFERROR(MATCH(LARGE($S$6:$S$28,8),$S$6:$S$28,0),"") -> 19 | N13: =Madde_Listesi!B9 -> R-4.3 | O13: =COUNTIFS(Bulgular!$B$2:$B$570,N13,Bulgular!$J$2:$J$570,"İç denetim") -> 16 | P13: =COUNTIFS(Bulgular!$B$2:$B$570,N13,Bulgular!$J$2:$J$570,"Esas denetim") -> 2 | Q13: =O13+P13 -> 18 | R13: =Q13*INDEX(Ayarlar!$B$6:$B$8,MATCH(Madde_Listesi!E9,Ayarlar!$A$6:$A$8,0)) -> 27 | S13: =IF(OR($B$2="Tümü",Madde_Listesi!A9=$B$2),IF(Q13>0,R13+ROW()/10000,""),"") -> 27.0013
A14: =IF(L14="","",9) -> 9 | B14: =IF(L14="","",INDEX(Madde_Listesi!$B$2:$B$24,L14)) -> R-1.2 | C14: =IF(L14="","",INDEX(Madde_Listesi!$C$2:$C$24,L14)) -> Çalışan takı ve kişisel hijyen kurallarına uyuyor | D14: =IF(L14="","",INDEX(Madde_Listesi!$A$2:$A$24,L14)) -> RSA | E14: =IF(L14="","",INDEX(Madde_Listesi!$E$2:$E$24,L14)) -> Major | F14: =IF(L14="","",INDEX($O$6:$O$28,L14)) -> 8 | G14: =IF(L14="","",INDEX($P$6:$P$28,L14)) -> 3 | H14: =IF(L14="","",INDEX($R$6:$R$28,L14)) -> 16.5 | I14: =IF(L14="","",INDEX(Madde_Listesi!$F$2:$F$24,L14)) -> Kişisel hijyen | J14: =IF(L14="","",INDEX(Madde_Magaza!$B$1:$I$1,MATCH(MAX(INDEX(Madde_Magaza!$B$2:$I$24,L14,0)),INDEX(Madde_Magaza!$B$2:$I$24,L14,0),0))) -> Mağaza D | L14: =IFERROR(MATCH(LARGE($S$6:$S$28,9),$S$6:$S$28,0),"") -> 1 | N14: =Madde_Listesi!B10 -> R-4.4 | O14: =COUNTIFS(Bulgular!$B$2:$B$570,N14,Bulgular!$J$2:$J$570,"İç denetim") -> 2 | P14: =COUNTIFS(Bulgular!$B$2:$B$570,N14,Bulgular!$J$2:$J$570,"Esas denetim") -> 0 | Q14: =O14+P14 -> 2 | R14: =Q14*INDEX(Ayarlar!$B$6:$B$8,MATCH(Madde_Listesi!E10,Ayarlar!$A$6:$A$8,0)) -> 2 | S14: =IF(OR($B$2="Tümü",Madde_Listesi!A10=$B$2),IF(Q14>0,R14+ROW()/10000,""),"") -> 2.0014
A15: =IF(L15="","",10) -> 10 | B15: =IF(L15="","",INDEX(Madde_Listesi!$B$2:$B$24,L15)) -> P-3.2 | C15: =IF(L15="","",INDEX(Madde_Listesi!$C$2:$C$24,L15)) -> Kamera kayıtları erişilebilir ve süresi uygun | D15: =IF(L15="","",INDEX(Madde_Listesi!$A$2:$A$24,L15)) -> PAP | E15: =IF(L15="","",INDEX(Madde_Listesi!$E$2:$E$24,L15)) -> Minör | F15: =IF(L15="","",INDEX($O$6:$O$28,L15)) -> 10 | G15: =IF(L15="","",INDEX($P$6:$P$28,L15)) -> 5 | H15: =IF(L15="","",INDEX($R$6:$R$28,L15)) -> 15 | I15: =IF(L15="","",INDEX(Madde_Listesi!$F$2:$F$24,L15)) -> Mağaza güvenliği | J15: =IF(L15="","",INDEX(Madde_Magaza!$B$1:$I$1,MATCH(MAX(INDEX(Madde_Magaza!$B$2:$I$24,L15,0)),INDEX(Madde_Magaza!$B$2:$I$24,L15,0),0))) -> Mağaza D | L15: =IFERROR(MATCH(LARGE($S$6:$S$28,10),$S$6:$S$28,0),"") -> 22 | N15: =Madde_Listesi!B11 -> A-1.1 | O15: =COUNTIFS(Bulgular!$B$2:$B$570,N15,Bulgular!$J$2:$J$570,"İç denetim") -> 12 | P15: =COUNTIFS(Bulgular!$B$2:$B$570,N15,Bulgular!$J$2:$J$570,"Esas denetim") -> 4 | Q15: =O15+P15 -> 16 | R15: =Q15*INDEX(Ayarlar!$B$6:$B$8,MATCH(Madde_Listesi!E11,Ayarlar!$A$6:$A$8,0)) -> 24 | S15: =IF(OR($B$2="Tümü",Madde_Listesi!A11=$B$2),IF(Q15>0,R15+ROW()/10000,""),"") -> 24.0015
A16: =IF(L16="","",11) -> 11 | B16: =IF(L16="","",INDEX(Madde_Listesi!$B$2:$B$24,L16)) -> A-4.1 | C16: =IF(L16="","",INDEX(Madde_Listesi!$C$2:$C$24,L16)) -> Zorunlu eğitimler tamamlanmış | D16: =IF(L16="","",INDEX(Madde_Listesi!$A$2:$A$24,L16)) -> ASA | E16: =IF(L16="","",INDEX(Madde_Listesi!$E$2:$E$24,L16)) -> Major | F16: =IF(L16="","",INDEX($O$6:$O$28,L16)) -> 5 | G16: =IF(L16="","",INDEX($P$6:$P$28,L16)) -> 5 | H16: =IF(L16="","",INDEX($R$6:$R$28,L16)) -> 15 | I16: =IF(L16="","",INDEX(Madde_Listesi!$F$2:$F$24,L16)) -> Eğitim takibi | J16: =IF(L16="","",INDEX(Madde_Magaza!$B$1:$I$1,MATCH(MAX(INDEX(Madde_Magaza!$B$2:$I$24,L16,0)),INDEX(Madde_Magaza!$B$2:$I$24,L16,0),0))) -> Mağaza F | L16: =IFERROR(MATCH(LARGE($S$6:$S$28,11),$S$6:$S$28,0),"") -> 16 | N16: =Madde_Listesi!B12 -> A-1.2 | O16: =COUNTIFS(Bulgular!$B$2:$B$570,N16,Bulgular!$J$2:$J$570,"İç denetim") -> 4 | P16: =COUNTIFS(Bulgular!$B$2:$B$570,N16,Bulgular!$J$2:$J$570,"Esas denetim") -> 2 | Q16: =O16+P16 -> 6 | R16: =Q16*INDEX(Ayarlar!$B$6:$B$8,MATCH(Madde_Listesi!E12,Ayarlar!$A$6:$A$8,0)) -> 12 | S16: =IF(OR($B$2="Tümü",Madde_Listesi!A12=$B$2),IF(Q16>0,R16+ROW()/10000,""),"") -> 12.0016
A17: =IF(L17="","",12) -> 12 | B17: =IF(L17="","",INDEX(Madde_Listesi!$B$2:$B$24,L17)) -> P-4.1 | C17: =IF(L17="","",INDEX(Madde_Listesi!$C$2:$C$24,L17)) -> Fire ve zayi kayıtları belgeli | D17: =IF(L17="","",INDEX(Madde_Listesi!$A$2:$A$24,L17)) -> PAP | E17: =IF(L17="","",INDEX(Madde_Listesi!$E$2:$E$24,L17)) -> Major | F17: =IF(L17="","",INDEX($O$6:$O$28,L17)) -> 7 | G17: =IF(L17="","",INDEX($P$6:$P$28,L17)) -> 2 | H17: =IF(L17="","",INDEX($R$6:$R$28,L17)) -> 13.5 | I17: =IF(L17="","",INDEX(Madde_Listesi!$F$2:$F$24,L17)) -> Stok ve sipariş yönetimi | J17: =IF(L17="","",INDEX(Madde_Magaza!$B$1:$I$1,MATCH(MAX(INDEX(Madde_Magaza!$B$2:$I$24,L17,0)),INDEX(Madde_Magaza!$B$2:$I$24,L17,0),0))) -> Mağaza D | L17: =IFERROR(MATCH(LARGE($S$6:$S$28,12),$S$6:$S$28,0),"") -> 23 | N17: =Madde_Listesi!B13 -> A-2.1 | O17: =COUNTIFS(Bulgular!$B$2:$B$570,N17,Bulgular!$J$2:$J$570,"İç denetim") -> 7 | P17: =COUNTIFS(Bulgular!$B$2:$B$570,N17,Bulgular!$J$2:$J$570,"Esas denetim") -> 1 | Q17: =O17+P17 -> 8 | R17: =Q17*INDEX(Ayarlar!$B$6:$B$8,MATCH(Madde_Listesi!E13,Ayarlar!$A$6:$A$8,0)) -> 8 | S17: =IF(OR($B$2="Tümü",Madde_Listesi!A13=$B$2),IF(Q17>0,R17+ROW()/10000,""),"") -> 8.0017
A18: =IF(L18="","",13) -> 13 | B18: =IF(L18="","",INDEX(Madde_Listesi!$B$2:$B$24,L18)) -> A-1.2 | C18: =IF(L18="","",INDEX(Madde_Listesi!$C$2:$C$24,L18)) -> Kasa açılış-kapanış prosedürü uygulanıyor | D18: =IF(L18="","",INDEX(Madde_Listesi!$A$2:$A$24,L18)) -> ASA | E18: =IF(L18="","",INDEX(Madde_Listesi!$E$2:$E$24,L18)) -> Kritik | F18: =IF(L18="","",INDEX($O$6:$O$28,L18)) -> 4 | G18: =IF(L18="","",INDEX($P$6:$P$28,L18)) -> 2 | H18: =IF(L18="","",INDEX($R$6:$R$28,L18)) -> 12 | I18: =IF(L18="","",INDEX(Madde_Listesi!$F$2:$F$24,L18)) -> Kasa prosedürleri | J18: =IF(L18="","",INDEX(Madde_Magaza!$B$1:$I$1,MATCH(MAX(INDEX(Madde_Magaza!$B$2:$I$24,L18,0)),INDEX(Madde_Magaza!$B$2:$I$24,L18,0),0))) -> Mağaza B | L18: =IFERROR(MATCH(LARGE($S$6:$S$28,13),$S$6:$S$28,0),"") -> 11 | N18: =Madde_Listesi!B14 -> A-2.2 | O18: =COUNTIFS(Bulgular!$B$2:$B$570,N18,Bulgular!$J$2:$J$570,"İç denetim") -> 1 | P18: =COUNTIFS(Bulgular!$B$2:$B$570,N18,Bulgular!$J$2:$J$570,"Esas denetim") -> 1 | Q18: =O18+P18 -> 2 | R18: =Q18*INDEX(Ayarlar!$B$6:$B$8,MATCH(Madde_Listesi!E14,Ayarlar!$A$6:$A$8,0)) -> 3 | S18: =IF(OR($B$2="Tümü",Madde_Listesi!A14=$B$2),IF(Q18>0,R18+ROW()/10000,""),"") -> 3.0018
A19: =IF(L19="","",14) -> 14 | B19: =IF(L19="","",INDEX(Madde_Listesi!$B$2:$B$24,L19)) -> R-2.1 | C19: =IF(L19="","",INDEX(Madde_Listesi!$C$2:$C$24,L19)) -> Soğutucular uygun sıcaklıkta | D19: =IF(L19="","",INDEX(Madde_Listesi!$A$2:$A$24,L19)) -> RSA | E19: =IF(L19="","",INDEX(Madde_Listesi!$E$2:$E$24,L19)) -> Kritik | F19: =IF(L19="","",INDEX($O$6:$O$28,L19)) -> 4 | G19: =IF(L19="","",INDEX($P$6:$P$28,L19)) -> 2 | H19: =IF(L19="","",INDEX($R$6:$R$28,L19)) -> 12 | I19: =IF(L19="","",INDEX(Madde_Listesi!$F$2:$F$24,L19)) -> Soğuk zincir ve sıcaklık kontrolü | J19: =IF(L19="","",INDEX(Madde_Magaza!$B$1:$I$1,MATCH(MAX(INDEX(Madde_Magaza!$B$2:$I$24,L19,0)),INDEX(Madde_Magaza!$B$2:$I$24,L19,0),0))) -> Mağaza A | L19: =IFERROR(MATCH(LARGE($S$6:$S$28,14),$S$6:$S$28,0),"") -> 2 | N19: =Madde_Listesi!B15 -> A-3.1 | O19: =COUNTIFS(Bulgular!$B$2:$B$570,N19,Bulgular!$J$2:$J$570,"İç denetim") -> 7 | P19: =COUNTIFS(Bulgular!$B$2:$B$570,N19,Bulgular!$J$2:$J$570,"Esas denetim") -> 1 | Q19: =O19+P19 -> 8 | R19: =Q19*INDEX(Ayarlar!$B$6:$B$8,MATCH(Madde_Listesi!E15,Ayarlar!$A$6:$A$8,0)) -> 8 | S19: =IF(OR($B$2="Tümü",Madde_Listesi!A15=$B$2),IF(Q19>0,R19+ROW()/10000,""),"") -> 8.0019
A20: =IF(L20="","",15) -> 15 | B20: =IF(L20="","",INDEX(Madde_Listesi!$B$2:$B$24,L20)) -> P-2.2 | C20: =IF(L20="","",INDEX(Madde_Listesi!$C$2:$C$24,L20)) -> Personel indirimleri kurala uygun kullanılıyor | D20: =IF(L20="","",INDEX(Madde_Listesi!$A$2:$A$24,L20)) -> PAP | E20: =IF(L20="","",INDEX(Madde_Listesi!$E$2:$E$24,L20)) -> Minör | F20: =IF(L20="","",INDEX($O$6:$O$28,L20)) -> 5 | G20: =IF(L20="","",INDEX($P$6:$P$28,L20)) -> 6 | H20: =IF(L20="","",INDEX($R$6:$R$28,L20)) -> 11 | I20: =IF(L20="","",INDEX(Madde_Listesi!$F$2:$F$24,L20)) -> İptal ve iade süreçleri | J20: =IF(L20="","",INDEX(Madde_Magaza!$B$1:$I$1,MATCH(MAX(INDEX(Madde_Magaza!$B$2:$I$24,L20,0)),INDEX(Madde_Magaza!$B$2:$I$24,L20,0),0))) -> Mağaza F | L20: =IFERROR(MATCH(LARGE($S$6:$S$28,15),$S$6:$S$28,0),"") -> 20 | N20: =Madde_Listesi!B16 -> A-3.2 | O20: =COUNTIFS(Bulgular!$B$2:$B$570,N20,Bulgular!$J$2:$J$570,"İç denetim") -> 19 | P20: =COUNTIFS(Bulgular!$B$2:$B$570,N20,Bulgular!$J$2:$J$570,"Esas denetim") -> 11 | Q20: =O20+P20 -> 30 | R20: =Q20*INDEX(Ayarlar!$B$6:$B$8,MATCH(Madde_Listesi!E16,Ayarlar!$A$6:$A$8,0)) -> 45 | S20: =IF(OR($B$2="Tümü",Madde_Listesi!A16=$B$2),IF(Q20>0,R20+ROW()/10000,""),"") -> 45.002
N21: =Madde_Listesi!B17 -> A-4.1 | O21: =COUNTIFS(Bulgular!$B$2:$B$570,N21,Bulgular!$J$2:$J$570,"İç denetim") -> 5 | P21: =COUNTIFS(Bulgular!$B$2:$B$570,N21,Bulgular!$J$2:$J$570,"Esas denetim") -> 5 | Q21: =O21+P21 -> 10 | R21: =Q21*INDEX(Ayarlar!$B$6:$B$8,MATCH(Madde_Listesi!E17,Ayarlar!$A$6:$A$8,0)) -> 15 | S21: =IF(OR($B$2="Tümü",Madde_Listesi!A17=$B$2),IF(Q21>0,R21+ROW()/10000,""),"") -> 15.0021
N22: =Madde_Listesi!B18 -> P-1.1 | O22: =COUNTIFS(Bulgular!$B$2:$B$570,N22,Bulgular!$J$2:$J$570,"İç denetim") -> 21 | P22: =COUNTIFS(Bulgular!$B$2:$B$570,N22,Bulgular!$J$2:$J$570,"Esas denetim") -> 7 | Q22: =O22+P22 -> 28 | R22: =Q22*INDEX(Ayarlar!$B$6:$B$8,MATCH(Madde_Listesi!E18,Ayarlar!$A$6:$A$8,0)) -> 56 | S22: =IF(OR($B$2="Tümü",Madde_Listesi!A18=$B$2),IF(Q22>0,R22+ROW()/10000,""),"") -> 56.0022
A23: Eğitim konusu bazında toplam | N23: =Madde_Listesi!B19 -> P-1.2 | O23: =COUNTIFS(Bulgular!$B$2:$B$570,N23,Bulgular!$J$2:$J$570,"İç denetim") -> 2 | P23: =COUNTIFS(Bulgular!$B$2:$B$570,N23,Bulgular!$J$2:$J$570,"Esas denetim") -> 3 | Q23: =O23+P23 -> 5 | R23: =Q23*INDEX(Ayarlar!$B$6:$B$8,MATCH(Madde_Listesi!E19,Ayarlar!$A$6:$A$8,0)) -> 7.5 | S23: =IF(OR($B$2="Tümü",Madde_Listesi!A19=$B$2),IF(Q23>0,R23+ROW()/10000,""),"") -> 7.5023
B24: Eğitim Konusu | D24: Bulgu | E24: Ağırlıklı Skor | N24: =Madde_Listesi!B20 -> P-2.1 | O24: =COUNTIFS(Bulgular!$B$2:$B$570,N24,Bulgular!$J$2:$J$570,"İç denetim") -> 9 | P24: =COUNTIFS(Bulgular!$B$2:$B$570,N24,Bulgular!$J$2:$J$570,"Esas denetim") -> 6 | Q24: =O24+P24 -> 15 | R24: =Q24*INDEX(Ayarlar!$B$6:$B$8,MATCH(Madde_Listesi!E20,Ayarlar!$A$6:$A$8,0)) -> 22.5 | S24: =IF(OR($B$2="Tümü",Madde_Listesi!A20=$B$2),IF(Q24>0,R24+ROW()/10000,""),"") -> 22.5024
B25: Ekipman bakımı | D25: =COUNTIF(Bulgular!$G$2:$G$570,B25) -> 8 | E25: =SUMPRODUCT((Bulgular!$G$2:$G$570=B25)*((Bulgular!$F$2:$F$570="Kritik")*Ayarlar!$B$6+(Bulgular!$F$2:$F$570="Major")*Ayarlar!$B$7+(Bulgular!$F$2:$F$570="Minör")*Ayarlar!$B$8)) -> 8 | N25: =Madde_Listesi!B21 -> P-2.2 | O25: =COUNTIFS(Bulgular!$B$2:$B$570,N25,Bulgular!$J$2:$J$570,"İç denetim") -> 5 | P25: =COUNTIFS(Bulgular!$B$2:$B$570,N25,Bulgular!$J$2:$J$570,"Esas denetim") -> 6 | Q25: =O25+P25 -> 11 | R25: =Q25*INDEX(Ayarlar!$B$6:$B$8,MATCH(Madde_Listesi!E21,Ayarlar!$A$6:$A$8,0)) -> 11 | S25: =IF(OR($B$2="Tümü",Madde_Listesi!A21=$B$2),IF(Q25>0,R25+ROW()/10000,""),"") -> 11.0025
B26: Eğitim takibi | D26: =COUNTIF(Bulgular!$G$2:$G$570,B26) -> 10 | E26: =SUMPRODUCT((Bulgular!$G$2:$G$570=B26)*((Bulgular!$F$2:$F$570="Kritik")*Ayarlar!$B$6+(Bulgular!$F$2:$F$570="Major")*Ayarlar!$B$7+(Bulgular!$F$2:$F$570="Minör")*Ayarlar!$B$8)) -> 15 | N26: =Madde_Listesi!B22 -> P-3.1 | O26: =COUNTIFS(Bulgular!$B$2:$B$570,N26,Bulgular!$J$2:$J$570,"İç denetim") -> 12 | P26: =COUNTIFS(Bulgular!$B$2:$B$570,N26,Bulgular!$J$2:$J$570,"Esas denetim") -> 3 | Q26: =O26+P26 -> 15 | R26: =Q26*INDEX(Ayarlar!$B$6:$B$8,MATCH(Madde_Listesi!E22,Ayarlar!$A$6:$A$8,0)) -> 22.5 | S26: =IF(OR($B$2="Tümü",Madde_Listesi!A22=$B$2),IF(Q26>0,R26+ROW()/10000,""),"") -> 22.5026
B27: Haşere önleme | D27: =COUNTIF(Bulgular!$G$2:$G$570,B27) -> 7 | E27: =SUMPRODUCT((Bulgular!$G$2:$G$570=B27)*((Bulgular!$F$2:$F$570="Kritik")*Ayarlar!$B$6+(Bulgular!$F$2:$F$570="Major")*Ayarlar!$B$7+(Bulgular!$F$2:$F$570="Minör")*Ayarlar!$B$8)) -> 9 | N27: =Madde_Listesi!B23 -> P-3.2 | O27: =COUNTIFS(Bulgular!$B$2:$B$570,N27,Bulgular!$J$2:$J$570,"İç denetim") -> 10 | P27: =COUNTIFS(Bulgular!$B$2:$B$570,N27,Bulgular!$J$2:$J$570,"Esas denetim") -> 5 | Q27: =O27+P27 -> 15 | R27: =Q27*INDEX(Ayarlar!$B$6:$B$8,MATCH(Madde_Listesi!E23,Ayarlar!$A$6:$A$8,0)) -> 15 | S27: =IF(OR($B$2="Tümü",Madde_Listesi!A23=$B$2),IF(Q27>0,R27+ROW()/10000,""),"") -> 15.0027
B28: Kasa prosedürleri | D28: =COUNTIF(Bulgular!$G$2:$G$570,B28) -> 39 | E28: =SUMPRODUCT((Bulgular!$G$2:$G$570=B28)*((Bulgular!$F$2:$F$570="Kritik")*Ayarlar!$B$6+(Bulgular!$F$2:$F$570="Major")*Ayarlar!$B$7+(Bulgular!$F$2:$F$570="Minör")*Ayarlar!$B$8)) -> 75.5 | N28: =Madde_Listesi!B24 -> P-4.1 | O28: =COUNTIFS(Bulgular!$B$2:$B$570,N28,Bulgular!$J$2:$J$570,"İç denetim") -> 7 | P28: =COUNTIFS(Bulgular!$B$2:$B$570,N28,Bulgular!$J$2:$J$570,"Esas denetim") -> 2 | Q28: =O28+P28 -> 9 | R28: =Q28*INDEX(Ayarlar!$B$6:$B$8,MATCH(Madde_Listesi!E24,Ayarlar!$A$6:$A$8,0)) -> 13.5 | S28: =IF(OR($B$2="Tümü",Madde_Listesi!A24=$B$2),IF(Q28>0,R28+ROW()/10000,""),"") -> 13.5028
B29: Kimyasal güvenliği | D29: =COUNTIF(Bulgular!$G$2:$G$570,B29) -> 18 | E29: =SUMPRODUCT((Bulgular!$G$2:$G$570=B29)*((Bulgular!$F$2:$F$570="Kritik")*Ayarlar!$B$6+(Bulgular!$F$2:$F$570="Major")*Ayarlar!$B$7+(Bulgular!$F$2:$F$570="Minör")*Ayarlar!$B$8)) -> 27
B30: Kişisel hijyen | D30: =COUNTIF(Bulgular!$G$2:$G$570,B30) -> 11 | E30: =SUMPRODUCT((Bulgular!$G$2:$G$570=B30)*((Bulgular!$F$2:$F$570="Kritik")*Ayarlar!$B$6+(Bulgular!$F$2:$F$570="Major")*Ayarlar!$B$7+(Bulgular!$F$2:$F$570="Minör")*Ayarlar!$B$8)) -> 16.5
B31: Mağaza güvenliği | D31: =COUNTIF(Bulgular!$G$2:$G$570,B31) -> 30 | E31: =SUMPRODUCT((Bulgular!$G$2:$G$570=B31)*((Bulgular!$F$2:$F$570="Kritik")*Ayarlar!$B$6+(Bulgular!$F$2:$F$570="Major")*Ayarlar!$B$7+(Bulgular!$F$2:$F$570="Minör")*Ayarlar!$B$8)) -> 37.5
B32: Mağaza standartları | D32: =COUNTIF(Bulgular!$G$2:$G$570,B32) -> 8 | E32: =SUMPRODUCT((Bulgular!$G$2:$G$570=B32)*((Bulgular!$F$2:$F$570="Kritik")*Ayarlar!$B$6+(Bulgular!$F$2:$F$570="Major")*Ayarlar!$B$7+(Bulgular!$F$2:$F$570="Minör")*Ayarlar!$B$8)) -> 8
B33: Soğuk zincir ve sıcaklık kontrolü | D33: =COUNTIF(Bulgular!$G$2:$G$570,B33) -> 36 | E33: =SUMPRODUCT((Bulgular!$G$2:$G$570=B33)*((Bulgular!$F$2:$F$570="Kritik")*Ayarlar!$B$6+(Bulgular!$F$2:$F$570="Major")*Ayarlar!$B$7+(Bulgular!$F$2:$F$570="Minör")*Ayarlar!$B$8)) -> 57
B34: Stok ve sipariş yönetimi | D34: =COUNTIF(Bulgular!$G$2:$G$570,B34) -> 39 | E34: =SUMPRODUCT((Bulgular!$G$2:$G$570=B34)*((Bulgular!$F$2:$F$570="Kritik")*Ayarlar!$B$6+(Bulgular!$F$2:$F$570="Major")*Ayarlar!$B$7+(Bulgular!$F$2:$F$570="Minör")*Ayarlar!$B$8)) -> 58.5
B35: Temizlik ve dezenfeksiyon | D35: =COUNTIF(Bulgular!$G$2:$G$570,B35) -> 7 | E35: =SUMPRODUCT((Bulgular!$G$2:$G$570=B35)*((Bulgular!$F$2:$F$570="Kritik")*Ayarlar!$B$6+(Bulgular!$F$2:$F$570="Major")*Ayarlar!$B$7+(Bulgular!$F$2:$F$570="Minör")*Ayarlar!$B$8)) -> 9.5
B36: Vardiya planlama | D36: =COUNTIF(Bulgular!$G$2:$G$570,B36) -> 16 | E36: =SUMPRODUCT((Bulgular!$G$2:$G$570=B36)*((Bulgular!$F$2:$F$570="Kritik")*Ayarlar!$B$6+(Bulgular!$F$2:$F$570="Major")*Ayarlar!$B$7+(Bulgular!$F$2:$F$570="Minör")*Ayarlar!$B$8)) -> 24
B37: Ürün hazırlama standartları | D37: =COUNTIF(Bulgular!$G$2:$G$570,B37) -> 2 | E37: =SUMPRODUCT((Bulgular!$G$2:$G$570=B37)*((Bulgular!$F$2:$F$570="Kritik")*Ayarlar!$B$6+(Bulgular!$F$2:$F$570="Major")*Ayarlar!$B$7+(Bulgular!$F$2:$F$570="Minör")*Ayarlar!$B$8)) -> 3
B38: Ürün tarihleme ve etiketleme | D38: =COUNTIF(Bulgular!$G$2:$G$570,B38) -> 12 | E38: =SUMPRODUCT((Bulgular!$G$2:$G$570=B38)*((Bulgular!$F$2:$F$570="Kritik")*Ayarlar!$B$6+(Bulgular!$F$2:$F$570="Major")*Ayarlar!$B$7+(Bulgular!$F$2:$F$570="Minör")*Ayarlar!$B$8)) -> 24
B39: İptal ve iade süreçleri | D39: =COUNTIF(Bulgular!$G$2:$G$570,B39) -> 26 | E39: =SUMPRODUCT((Bulgular!$G$2:$G$570=B39)*((Bulgular!$F$2:$F$570="Kritik")*Ayarlar!$B$6+(Bulgular!$F$2:$F$570="Major")*Ayarlar!$B$7+(Bulgular!$F$2:$F$570="Minör")*Ayarlar!$B$8)) -> 33.5

Sheet Madde_Magaza
A1: Madde \ Mağaza | B1: =Magazalar!A2 -> Mağaza A | C1: =Magazalar!A3 -> Mağaza B | D1: =Magazalar!A4 -> Mağaza C | E1: =Magazalar!A5 -> Mağaza D | F1: =Magazalar!A6 -> Mağaza E | G1: =Magazalar!A7 -> Mağaza F | H1: =Magazalar!A8 -> Mağaza G | I1: =Magazalar!A9 -> Mağaza H | J1: Toplam
A2: =Madde_Listesi!B2 -> R-1.2 | B2: =COUNTIFS(Bulgular!$B$2:$B$570,$A2,Bulgular!$H$2:$H$570,B$1) -> 0 | C2: =COUNTIFS(Bulgular!$B$2:$B$570,$A2,Bulgular!$H$2:$H$570,C$1) -> 0 | D2: =COUNTIFS(Bulgular!$B$2:$B$570,$A2,Bulgular!$H$2:$H$570,D$1) -> 2 | E2: =COUNTIFS(Bulgular!$B$2:$B$570,$A2,Bulgular!$H$2:$H$570,E$1) -> 5 | F2: =COUNTIFS(Bulgular!$B$2:$B$570,$A2,Bulgular!$H$2:$H$570,F$1) -> 1 | G2: =COUNTIFS(Bulgular!$B$2:$B$570,$A2,Bulgular!$H$2:$H$570,G$1) -> 1 | H2: =COUNTIFS(Bulgular!$B$2:$B$570,$A2,Bulgular!$H$2:$H$570,H$1) -> 2 | I2: =COUNTIFS(Bulgular!$B$2:$B$570,$A2,Bulgular!$H$2:$H$570,I$1) -> 0 | J2: =SUM(B2:I2) -> 11
A3: =Madde_Listesi!B3 -> R-2.1 | B3: =COUNTIFS(Bulgular!$B$2:$B$570,$A3,Bulgular!$H$2:$H$570,B$1) -> 2 | C3: =COUNTIFS(Bulgular!$B$2:$B$570,$A3,Bulgular!$H$2:$H$570,C$1) -> 1 | D3: =COUNTIFS(Bulgular!$B$2:$B$570,$A3,Bulgular!$H$2:$H$570,D$1) -> 1 | E3: =COUNTIFS(Bulgular!$B$2:$B$570,$A3,Bulgular!$H$2:$H$570,E$1) -> 0 | F3: =COUNTIFS(Bulgular!$B$2:$B$570,$A3,Bulgular!$H$2:$H$570,F$1) -> 0 | G3: =COUNTIFS(Bulgular!$B$2:$B$570,$A3,Bulgular!$H$2:$H$570,G$1) -> 0 | H3: =COUNTIFS(Bulgular!$B$2:$B$570,$A3,Bulgular!$H$2:$H$570,H$1) -> 1 | I3: =COUNTIFS(Bulgular!$B$2:$B$570,$A3,Bulgular!$H$2:$H$570,I$1) -> 1 | J3: =SUM(B3:I3) -> 6
A4: =Madde_Listesi!B4 -> R-2.2 | B4: =COUNTIFS(Bulgular!$B$2:$B$570,$A4,Bulgular!$H$2:$H$570,B$1) -> 2 | C4: =COUNTIFS(Bulgular!$B$2:$B$570,$A4,Bulgular!$H$2:$H$570,C$1) -> 5 | D4: =COUNTIFS(Bulgular!$B$2:$B$570,$A4,Bulgular!$H$2:$H$570,D$1) -> 3 | E4: =COUNTIFS(Bulgular!$B$2:$B$570,$A4,Bulgular!$H$2:$H$570,E$1) -> 1 | F4: =COUNTIFS(Bulgular!$B$2:$B$570,$A4,Bulgular!$H$2:$H$570,F$1) -> 3 | G4: =COUNTIFS(Bulgular!$B$2:$B$570,$A4,Bulgular!$H$2:$H$570,G$1) -> 8 | H4: =COUNTIFS(Bulgular!$B$2:$B$570,$A4,Bulgular!$H$2:$H$570,H$1) -> 4 | I4: =COUNTIFS(Bulgular!$B$2:$B$570,$A4,Bulgular!$H$2:$H$570,I$1) -> 4 | J4: =SUM(B4:I4) -> 30
A5: =Madde_Listesi!B5 -> R-3.1 | B5: =COUNTIFS(Bulgular!$B$2:$B$570,$A5,Bulgular!$H$2:$H$570,B$1) -> 1 | C5: =COUNTIFS(Bulgular!$B$2:$B$570,$A5,Bulgular!$H$2:$H$570,C$1) -> 0 | D5: =COUNTIFS(Bulgular!$B$2:$B$570,$A5,Bulgular!$H$2:$H$570,D$1) -> 1 | E5: =COUNTIFS(Bulgular!$B$2:$B$570,$A5,Bulgular!$H$2:$H$570,E$1) -> 1 | F5: =COUNTIFS(Bulgular!$B$2:$B$570,$A5,Bulgular!$H$2:$H$570,F$1) -> 0 | G5: =COUNTIFS(Bulgular!$B$2:$B$570,$A5,Bulgular!$H$2:$H$570,G$1) -> 0 | H5: =COUNTIFS(Bulgular!$B$2:$B$570,$A5,Bulgular!$H$2:$H$570,H$1) -> 1 | I5: =COUNTIFS(Bulgular!$B$2:$B$570,$A5,Bulgular!$H$2:$H$570,I$1) -> 0 | J5: =SUM(B5:I5) -> 4
A6: =Madde_Listesi!B6 -> R-3.2 | B6: =COUNTIFS(Bulgular!$B$2:$B$570,$A6,Bulgular!$H$2:$H$570,B$1) -> 1 | C6: =COUNTIFS(Bulgular!$B$2:$B$570,$A6,Bulgular!$H$2:$H$570,C$1) -> 1 | D6: =COUNTIFS(Bulgular!$B$2:$B$570,$A6,Bulgular!$H$2:$H$570,D$1) -> 0 | E6: =COUNTIFS(Bulgular!$B$2:$B$570,$A6,Bulgular!$H$2:$H$570,E$1) -> 0 | F6: =COUNTIFS(Bulgular!$B$2:$B$570,$A6,Bulgular!$H$2:$H$570,F$1) -> 0 | G6: =COUNTIFS(Bulgular!$B$2:$B$570,$A6,Bulgular!$H$2:$H$570,G$1) -> 0 | H6: =COUNTIFS(Bulgular!$B$2:$B$570,$A6,Bulgular!$H$2:$H$570,H$1) -> 0 | I6: =COUNTIFS(Bulgular!$B$2:$B$570,$A6,Bulgular!$H$2:$H$570,I$1) -> 1 | J6: =SUM(B6:I6) -> 3
A7: =Madde_Listesi!B7 -> R-4.1 | B7: =COUNTIFS(Bulgular!$B$2:$B$570,$A7,Bulgular!$H$2:$H$570,B$1) -> 3 | C7: =COUNTIFS(Bulgular!$B$2:$B$570,$A7,Bulgular!$H$2:$H$570,C$1) -> 0 | D7: =COUNTIFS(Bulgular!$B$2:$B$570,$A7,Bulgular!$H$2:$H$570,D$1) -> 1 | E7: =COUNTIFS(Bulgular!$B$2:$B$570,$A7,Bulgular!$H$2:$H$570,E$1) -> 1 | F7: =COUNTIFS(Bulgular!$B$2:$B$570,$A7,Bulgular!$H$2:$H$570,F$1) -> 1 | G7: =COUNTIFS(Bulgular!$B$2:$B$570,$A7,Bulgular!$H$2:$H$570,G$1) -> 2 | H7: =COUNTIFS(Bulgular!$B$2:$B$570,$A7,Bulgular!$H$2:$H$570,H$1) -> 1 | I7: =COUNTIFS(Bulgular!$B$2:$B$570,$A7,Bulgular!$H$2:$H$570,I$1) -> 3 | J7: =SUM(B7:I7) -> 12
A8: =Madde_Listesi!B8 -> R-4.2 | B8: =COUNTIFS(Bulgular!$B$2:$B$570,$A8,Bulgular!$H$2:$H$570,B$1) -> 1 | C8: =COUNTIFS(Bulgular!$B$2:$B$570,$A8,Bulgular!$H$2:$H$570,C$1) -> 0 | D8: =COUNTIFS(Bulgular!$B$2:$B$570,$A8,Bulgular!$H$2:$H$570,D$1) -> 0 | E8: =COUNTIFS(Bulgular!$B$2:$B$570,$A8,Bulgular!$H$2:$H$570,E$1) -> 2 | F8: =COUNTIFS(Bulgular!$B$2:$B$570,$A8,Bulgular!$H$2:$H$570,F$1) -> 1 | G8: =COUNTIFS(Bulgular!$B$2:$B$570,$A8,Bulgular!$H$2:$H$570,G$1) -> 0 | H8: =COUNTIFS(Bulgular!$B$2:$B$570,$A8,Bulgular!$H$2:$H$570,H$1) -> 0 | I8: =COUNTIFS(Bulgular!$B$2:$B$570,$A8,Bulgular!$H$2:$H$570,I$1) -> 1 | J8: =SUM(B8:I8) -> 5
A9: =Madde_Listesi!B9 -> R-4.3 | B9: =COUNTIFS(Bulgular!$B$2:$B$570,$A9,Bulgular!$H$2:$H$570,B$1) -> 3 | C9: =COUNTIFS(Bulgular!$B$2:$B$570,$A9,Bulgular!$H$2:$H$570,C$1) -> 1 | D9: =COUNTIFS(Bulgular!$B$2:$B$570,$A9,Bulgular!$H$2:$H$570,D$1) -> 5 | E9: =COUNTIFS(Bulgular!$B$2:$B$570,$A9,Bulgular!$H$2:$H$570,E$1) -> 1 | F9: =COUNTIFS(Bulgular!$B$2:$B$570,$A9,Bulgular!$H$2:$H$570,F$1) -> 2 | G9: =COUNTIFS(Bulgular!$B$2:$B$570,$A9,Bulgular!$H$2:$H$570,G$1) -> 3 | H9: =COUNTIFS(Bulgular!$B$2:$B$570,$A9,Bulgular!$H$2:$H$570,H$1) -> 0 | I9: =COUNTIFS(Bulgular!$B$2:$B$570,$A9,Bulgular!$H$2:$H$570,I$1) -> 3 | J9: =SUM(B9:I9) -> 18
A10: =Madde_Listesi!B10 -> R-4.4 | B10: =COUNTIFS(Bulgular!$B$2:$B$570,$A10,Bulgular!$H$2:$H$570,B$1) -> 0 | C10: =COUNTIFS(Bulgular!$B$2:$B$570,$A10,Bulgular!$H$2:$H$570,C$1) -> 0 | D10: =COUNTIFS(Bulgular!$B$2:$B$570,$A10,Bulgular!$H$2:$H$570,D$1) -> 0 | E10: =COUNTIFS(Bulgular!$B$2:$B$570,$A10,Bulgular!$H$2:$H$570,E$1) -> 1 | F10: =COUNTIFS(Bulgular!$B$2:$B$570,$A10,Bulgular!$H$2:$H$570,F$1) -> 0 | G10: =COUNTIFS(Bulgular!$B$2:$B$570,$A10,Bulgular!$H$2:$H$570,G$1) -> 0 | H10: =COUNTIFS(Bulgular!$B$2:$B$570,$A10,Bulgular!$H$2:$H$570,H$1) -> 1 | I10: =COUNTIFS(Bulgular!$B$2:$B$570,$A10,Bulgular!$H$2:$H$570,I$1) -> 0 | J10: =SUM(B10:I10) -> 2
A11: =Madde_Listesi!B11 -> A-1.1 | B11: =COUNTIFS(Bulgular!$B$2:$B$570,$A11,Bulgular!$H$2:$H$570,B$1) -> 1 | C11: =COUNTIFS(Bulgular!$B$2:$B$570,$A11,Bulgular!$H$2:$H$570,C$1) -> 2 | D11: =COUNTIFS(Bulgular!$B$2:$B$570,$A11,Bulgular!$H$2:$H$570,D$1) -> 0 | E11: =COUNTIFS(Bulgular!$B$2:$B$570,$A11,Bulgular!$H$2:$H$570,E$1) -> 2 | F11: =COUNTIFS(Bulgular!$B$2:$B$570,$A11,Bulgular!$H$2:$H$570,F$1) -> 2 | G11: =COUNTIFS(Bulgular!$B$2:$B$570,$A11,Bulgular!$H$2:$H$570,G$1) -> 2 | H11: =COUNTIFS(Bulgular!$B$2:$B$570,$A11,Bulgular!$H$2:$H$570,H$1) -> 5 | I11: =COUNTIFS(Bulgular!$B$2:$B$570,$A11,Bulgular!$H$2:$H$570,I$1) -> 2 | J11: =SUM(B11:I11) -> 16
A12: =Madde_Listesi!B12 -> A-1.2 | B12: =COUNTIFS(Bulgular!$B$2:$B$570,$A12,Bulgular!$H$2:$H$570,B$1) -> 0 | C12: =COUNTIFS(Bulgular!$B$2:$B$570,$A12,Bulgular!$H$2:$H$570,C$1) -> 2 | D12: =COUNTIFS(Bulgular!$B$2:$B$570,$A12,Bulgular!$H$2:$H$570,D$1) -> 1 | E12: =COUNTIFS(Bulgular!$B$2:$B$570,$A12,Bulgular!$H$2:$H$570,E$1) -> 0 | F12: =COUNTIFS(Bulgular!$B$2:$B$570,$A12,Bulgular!$H$2:$H$570,F$1) -> 1 | G12: =COUNTIFS(Bulgular!$B$2:$B$570,$A12,Bulgular!$H$2:$H$570,G$1) -> 2 | H12: =COUNTIFS(Bulgular!$B$2:$B$570,$A12,Bulgular!$H$2:$H$570,H$1) -> 0 | I12: =COUNTIFS(Bulgular!$B$2:$B$570,$A12,Bulgular!$H$2:$H$570,I$1) -> 0 | J12: =SUM(B12:I12) -> 6
A13: =Madde_Listesi!B13 -> A-2.1 | B13: =COUNTIFS(Bulgular!$B$2:$B$570,$A13,Bulgular!$H$2:$H$570,B$1) -> 1 | C13: =COUNTIFS(Bulgular!$B$2:$B$570,$A13,Bulgular!$H$2:$H$570,C$1) -> 1 | D13: =COUNTIFS(Bulgular!$B$2:$B$570,$A13,Bulgular!$H$2:$H$570,D$1) -> 1 | E13: =COUNTIFS(Bulgular!$B$2:$B$570,$A13,Bulgular!$H$2:$H$570,E$1) -> 0 | F13: =COUNTIFS(Bulgular!$B$2:$B$570,$A13,Bulgular!$H$2:$H$570,F$1) -> 0 | G13: =COUNTIFS(Bulgular!$B$2:$B$570,$A13,Bulgular!$H$2:$H$570,G$1) -> 3 | H13: =COUNTIFS(Bulgular!$B$2:$B$570,$A13,Bulgular!$H$2:$H$570,H$1) -> 1 | I13: =COUNTIFS(Bulgular!$B$2:$B$570,$A13,Bulgular!$H$2:$H$570,I$1) -> 1 | J13: =SUM(B13:I13) -> 8
... A24: =Madde_Listesi!B24 -> P-4.1 | B24: =COUNTIFS(Bulgular!$B$2:$B$570,$A24,Bulgular!$H$2:$H$570,B$1) -> 0 | C24: =COUNTIFS(Bulgular!$B$2:$B$570,$A24,Bulgular!$H$2:$H$570,C$1) -> 0 | D24: =COUNTIFS(Bulgular!$B$2:$B$570,$A24,Bulgular!$H$2:$H$570,D$1) -> 0 | E24: =COUNTIFS(Bulgular!$B$2:$B$570,$A24,Bulgular!$H$2:$H$570,E$1) -> 3 | F24: =COUNTIFS(Bulgular!$B$2:$B$570,$A24,Bulgular!$H$2:$H$570,F$1) -> 1 | G24: =COUNTIFS(Bulgular!$B$2:$B$570,$A24,Bulgular!$H$2:$H$570,G$1) -> 2 | H24: =COUNTIFS(Bulgular!$B$2:$B$570,$A24,Bulgular!$H$2:$H$570,H$1) -> 3 | I24: =COUNTIFS(Bulgular!$B$2:$B$570,$A24,Bulgular!$H$2:$H$570,I$1) -> 0 | J24: =SUM(B24:I24) -> 9
A25: Toplam | B25: =SUM(B2:B24) -> 27 | C25: =SUM(C2:C24) -> 21 | D25: =SUM(D2:D24) -> 28 | E25: =SUM(E2:E24) -> 38 | F25: =SUM(F2:F24) -> 27 | G25: =SUM(G2:G24) -> 44 | H25: =SUM(H2:H24) -> 44 | I25: =SUM(I2:I24) -> 40 | J25: =SUM(J2:J24) -> 269

Sheet Denetim_Takvimi
A1: Denetim Takvimi
A2: İç denetim rotasyonu (çeyreklik) — denetçi, denetim türünde uzman olan ve mümkünse aynı yakınlık grubundaki mağazanın müdürüdür.
A4: Çeyrek | B4: Denetlenen Mağaza | C4: Denetim Türü | D4: Denetçi (Mağaza Müdürü) | E4: Planlanan Tarih | F4: Gerçekleşen Tarih | G4: Durum | H4: Rotasyon Kontrolü | J4: Tahmini Esas Denetimler
A5: 2026-Ç1 | B5: Mağaza A | C5: ASA | D5: Mağaza B | E5: 46051 | F5: 46052 | G5: =IF(F5<>"","Yapıldı",IF(E5<Ayarlar!$B$3,"Gecikti",IF(E5-Ayarlar!$B$3<=Ayarlar!$B$15,"Yaklaşıyor","Planlandı"))) -> Yapıldı | H5: =IF(B5=D5,"Kendi mağazası!",IF(INDEX(Magazalar!$C:$C,MATCH(D5,Magazalar!$A:$A,0))<>C5,"Uzmanlık dışı",IF(INDEX(Magazalar!$B:$B,MATCH(D5,Magazalar!$A:$A,0))<>INDEX(Magazalar!$B:$B,MATCH(B5,Magazalar!$A:$A,0)),"Uygun (grup dışı)","Uygun"))) -> Uygun | J5: Mağaza | K5: Tür | L5: Tahmini Tarih | M5: Kalan Gün | N5: Durum
A6: 2026-Ç1 | B6: Mağaza A | C6: PAP | D6: Mağaza C | E6: 46061 | F6: 46061 | G6: =IF(F6<>"","Yapıldı",IF(E6<Ayarlar!$B$3,"Gecikti",IF(E6-Ayarlar!$B$3<=Ayarlar!$B$15,"Yaklaşıyor","Planlandı"))) -> Yapıldı | H6: =IF(B6=D6,"Kendi mağazası!",IF(INDEX(Magazalar!$C:$C,MATCH(D6,Magazalar!$A:$A,0))<>C6,"Uzmanlık dışı",IF(INDEX(Magazalar!$B:$B,MATCH(D6,Magazalar!$A:$A,0))<>INDEX(Magazalar!$B:$B,MATCH(B6,Magazalar!$A:$A,0)),"Uygun (grup dışı)","Uygun"))) -> Uygun | J6: Mağaza A | K6: ASA | L6: 46304 | M6: =L6-Ayarlar!$B$3 -> 25 | N6: =IF(M6<0,"Tarih geçti",IF(M6<=Ayarlar!$B$15,"Yaklaşıyor","")) -> Yaklaşıyor
A7: 2026-Ç1 | B7: Mağaza A | C7: RSA | D7: Mağaza D | E7: 46049 | F7: 46049 | G7: =IF(F7<>"","Yapıldı",IF(E7<Ayarlar!$B$3,"Gecikti",IF(E7-Ayarlar!$B$3<=Ayarlar!$B$15,"Yaklaşıyor","Planlandı"))) -> Yapıldı | H7: =IF(B7=D7,"Kendi mağazası!",IF(INDEX(Magazalar!$C:$C,MATCH(D7,Magazalar!$A:$A,0))<>C7,"Uzmanlık dışı",IF(INDEX(Magazalar!$B:$B,MATCH(D7,Magazalar!$A:$A,0))<>INDEX(Magazalar!$B:$B,MATCH(B7,Magazalar!$A:$A,0)),"Uygun (grup dışı)","Uygun"))) -> Uygun (grup dışı) | J7: Mağaza A | K7: PAP | L7: 46418 | M7: =L7-Ayarlar!$B$3 -> 139 | N7: =IF(M7<0,"Tarih geçti",IF(M7<=Ayarlar!$B$15,"Yaklaşıyor",""))
A8: 2026-Ç1 | B8: Mağaza B | C8: ASA | D8: Mağaza G | E8: 46042 | F8: 46042 | G8: =IF(F8<>"","Yapıldı",IF(E8<Ayarlar!$B$3,"Gecikti",IF(E8-Ayarlar!$B$3<=Ayarlar!$B$15,"Yaklaşıyor","Planlandı"))) -> Yapıldı | H8: =IF(B8=D8,"Kendi mağazası!",IF(INDEX(Magazalar!$C:$C,MATCH(D8,Magazalar!$A:$A,0))<>C8,"Uzmanlık dışı",IF(INDEX(Magazalar!$B:$B,MATCH(D8,Magazalar!$A:$A,0))<>INDEX(Magazalar!$B:$B,MATCH(B8,Magazalar!$A:$A,0)),"Uygun (grup dışı)","Uygun"))) -> Uygun (grup dışı) | J8: Mağaza A | K8: RSA | L8: 46446 | M8: =L8-Ayarlar!$B$3 -> 167 | N8: =IF(M8<0,"Tarih geçti",IF(M8<=Ayarlar!$B$15,"Yaklaşıyor",""))
A9: 2026-Ç1 | B9: Mağaza B | C9: PAP | D9: Mağaza C | E9: 46052 | F9: 46050 | G9: =IF(F9<>"","Yapıldı",IF(E9<Ayarlar!$B$3,"Gecikti",IF(E9-Ayarlar!$B$3<=Ayarlar!$B$15,"Yaklaşıyor","Planlandı"))) -> Yapıldı | H9: =IF(B9=D9,"Kendi mağazası!",IF(INDEX(Magazalar!$C:$C,MATCH(D9,Magazalar!$A:$A,0))<>C9,"Uzmanlık dışı",IF(INDEX(Magazalar!$B:$B,MATCH(D9,Magazalar!$A:$A,0))<>INDEX(Magazalar!$B:$B,MATCH(B9,Magazalar!$A:$A,0)),"Uygun (grup dışı)","Uygun"))) -> Uygun | J9: Mağaza B | K9: ASA | L9: 46359 | M9: =L9-Ayarlar!$B$3 -> 80 | N9: =IF(M9<0,"Tarih geçti",IF(M9<=Ayarlar!$B$15,"Yaklaşıyor",""))
A10: 2026-Ç1 | B10: Mağaza B | C10: RSA | D10: Mağaza A | E10: 46050 | F10: 46053 | G10: =IF(F10<>"","Yapıldı",IF(E10<Ayarlar!$B$3,"Gecikti",IF(E10-Ayarlar!$B$3<=Ayarlar!$B$15,"Yaklaşıyor","Planlandı"))) -> Yapıldı | H10: =IF(B10=D10,"Kendi mağazası!",IF(INDEX(Magazalar!$C:$C,MATCH(D10,Magazalar!$A:$A,0))<>C10,"Uzmanlık dışı",IF(INDEX(Magazalar!$B:$B,MATCH(D10,Magazalar!$A:$A,0))<>INDEX(Magazalar!$B:$B,MATCH(B10,Magazalar!$A:$A,0)),"Uygun (grup dışı)","Uygun"))) -> Uygun | J10: Mağaza B | K10: PAP | L10: 46342 | M10: =L10-Ayarlar!$B$3 -> 63 | N10: =IF(M10<0,"Tarih geçti",IF(M10<=Ayarlar!$B$15,"Yaklaşıyor",""))
A11: 2026-Ç1 | B11: Mağaza C | C11: ASA | D11: Mağaza B | E11: 46078 | F11: 46078 | G11: =IF(F11<>"","Yapıldı",IF(E11<Ayarlar!$B$3,"Gecikti",IF(E11-Ayarlar!$B$3<=Ayarlar!$B$15,"Yaklaşıyor","Planlandı"))) -> Yapıldı | H11: =IF(B11=D11,"Kendi mağazası!",IF(INDEX(Magazalar!$C:$C,MATCH(D11,Magazalar!$A:$A,0))<>C11,"Uzmanlık dışı",IF(INDEX(Magazalar!$B:$B,MATCH(D11,Magazalar!$A:$A,0))<>INDEX(Magazalar!$B:$B,MATCH(B11,Magazalar!$A:$A,0)),"Uygun (grup dışı)","Uygun"))) -> Uygun | J11: Mağaza B | K11: RSA | L11: 46245 | M11: =L11-Ayarlar!$B$3 -> -34 | N11: =IF(M11<0,"Tarih geçti",IF(M11<=Ayarlar!$B$15,"Yaklaşıyor","")) -> Tarih geçti
A12: 2026-Ç1 | B12: Mağaza C | C12: PAP | D12: Mağaza F | E12: 46066 | F12: 46069 | G12: =IF(F12<>"","Yapıldı",IF(E12<Ayarlar!$B$3,"Gecikti",IF(E12-Ayarlar!$B$3<=Ayarlar!$B$15,"Yaklaşıyor","Planlandı"))) -> Yapıldı | H12: =IF(B12=D12,"Kendi mağazası!",IF(INDEX(Magazalar!$C:$C,MATCH(D12,Magazalar!$A:$A,0))<>C12,"Uzmanlık dışı",IF(INDEX(Magazalar!$B:$B,MATCH(D12,Magazalar!$A:$A,0))<>INDEX(Magazalar!$B:$B,MATCH(B12,Magazalar!$A:$A,0)),"Uygun (grup dışı)","Uygun"))) -> Uygun (grup dışı) | J12: Mağaza C | K12: ASA | L12: 46381 | M12: =L12-Ayarlar!$B$3 -> 102 | N12: =IF(M12<0,"Tarih geçti",IF(M12<=Ayarlar!$B$15,"Yaklaşıyor",""))
A13: 2026-Ç1 | B13: Mağaza C | C13: RSA | D13: Mağaza A | E13: 46066 | F13: 46069 | G13: =IF(F13<>"","Yapıldı",IF(E13<Ayarlar!$B$3,"Gecikti",IF(E13-Ayarlar!$B$3<=Ayarlar!$B$15,"Yaklaşıyor","Planlandı"))) -> Yapıldı | H13: =IF(B13=D13,"Kendi mağazası!",IF(INDEX(Magazalar!$C:$C,MATCH(D13,Magazalar!$A:$A,0))<>C13,"Uzmanlık dışı",IF(INDEX(Magazalar!$B:$B,MATCH(D13,Magazalar!$A:$A,0))<>INDEX(Magazalar!$B:$B,MATCH(B13,Magazalar!$A:$A,0)),"Uygun (grup dışı)","Uygun"))) -> Uygun | J13: Mağaza C | K13: PAP | L13: 46255 | M13: =L13-Ayarlar!$B$3 -> -24 | N13: =IF(M13<0,"Tarih geçti",IF(M13<=Ayarlar!$B$15,"Yaklaşıyor","")) -> Tarih geçti
A14: 2026-Ç1 | B14: Mağaza D | C14: ASA | D14: Mağaza E | E14: 46068 | F14: 46066 | G14: =IF(F14<>"","Yapıldı",IF(E14<Ayarlar!$B$3,"Gecikti",IF(E14-Ayarlar!$B$3<=Ayarlar!$B$15,"Yaklaşıyor","Planlandı"))) -> Yapıldı | H14: =IF(B14=D14,"Kendi mağazası!",IF(INDEX(Magazalar!$C:$C,MATCH(D14,Magazalar!$A:$A,0))<>C14,"Uzmanlık dışı",IF(INDEX(Magazalar!$B:$B,MATCH(D14,Magazalar!$A:$A,0))<>INDEX(Magazalar!$B:$B,MATCH(B14,Magazalar!$A:$A,0)),"Uygun (grup dışı)","Uygun"))) -> Uygun | J14: Mağaza C | K14: RSA | L14: 46284 | M14: =L14-Ayarlar!$B$3 -> 5 | N14: =IF(M14<0,"Tarih geçti",IF(M14<=Ayarlar!$B$15,"Yaklaşıyor","")) -> Yaklaşıyor
A15: 2026-Ç1 | B15: Mağaza D | C15: PAP | D15: Mağaza F | E15: 46049 | F15: 46052 | G15: =IF(F15<>"","Yapıldı",IF(E15<Ayarlar!$B$3,"Gecikti",IF(E15-Ayarlar!$B$3<=Ayarlar!$B$15,"Yaklaşıyor","Planlandı"))) -> Yapıldı | H15: =IF(B15=D15,"Kendi mağazası!",IF(INDEX(Magazalar!$C:$C,MATCH(D15,Magazalar!$A:$A,0))<>C15,"Uzmanlık dışı",IF(INDEX(Magazalar!$B:$B,MATCH(D15,Magazalar!$A:$A,0))<>INDEX(Magazalar!$B:$B,MATCH(B15,Magazalar!$A:$A,0)),"Uygun (grup dışı)","Uygun"))) -> Uygun | J15: Mağaza D | K15: ASA | L15: 46305 | M15: =L15-Ayarlar!$B$3 -> 26 | N15: =IF(M15<0,"Tarih geçti",IF(M15<=Ayarlar!$B$15,"Yaklaşıyor","")) -> Yaklaşıyor
A16: 2026-Ç1 | B16: Mağaza D | C16: RSA | D16: Mağaza H | E16: 46042 | F16: 46045 | G16: =IF(F16<>"","Yapıldı",IF(E16<Ayarlar!$B$3,"Gecikti",IF(E16-Ayarlar!$B$3<=Ayarlar!$B$15,"Yaklaşıyor","Planlandı"))) -> Yapıldı | H16: =IF(B16=D16,"Kendi mağazası!",IF(INDEX(Magazalar!$C:$C,MATCH(D16,Magazalar!$A:$A,0))<>C16,"Uzmanlık dışı",IF(INDEX(Magazalar!$B:$B,MATCH(D16,Magazalar!$A:$A,0))<>INDEX(Magazalar!$B:$B,MATCH(B16,Magazalar!$A:$A,0)),"Uygun (grup dışı)","Uygun"))) -> Uygun (grup dışı) | J16: Mağaza D | K16: PAP | L16: 46255 | M16: =L16-Ayarlar!$B$3 -> -24 | N16: =IF(M16<0,"Tarih geçti",IF(M16<=Ayarlar!$B$15,"Yaklaşıyor","")) -> Tarih geçti
A17: 2026-Ç1 | B17: Mağaza E | C17: ASA | D17: Mağaza B | E17: 46051 | F17: 46051 | G17: =IF(F17<>"","Yapıldı",IF(E17<Ayarlar!$B$3,"Gecikti",IF(E17-Ayarlar!$B$3<=Ayarlar!$B$15,"Yaklaşıyor","Planlandı"))) -> Yapıldı | H17: =IF(B17=D17,"Kendi mağazası!",IF(INDEX(Magazalar!$C:$C,MATCH(D17,Magazalar!$A:$A,0))<>C17,"Uzmanlık dışı",IF(INDEX(Magazalar!$B:$B,MATCH(D17,Magazalar!$A:$A,0))<>INDEX(Magazalar!$B:$B,MATCH(B17,Magazalar!$A:$A,0)),"Uygun (grup dışı)","Uygun"))) -> Uygun (grup dışı) | J17: Mağaza D | K17: RSA | L17: 46450 | M17: =L17-Ayarlar!$B$3 -> 171 | N17: =IF(M17<0,"Tarih geçti",IF(M17<=Ayarlar!$B$15,"Yaklaşıyor",""))
... A29: 2026-Ç2 | B29: Mağaza A | C29: ASA | D29: Mağaza B | E29: 46140 | F29: 46138 | G29: =IF(F29<>"","Yapıldı",IF(E29<Ayarlar!$B$3,"Gecikti",IF(E29-Ayarlar!$B$3<=Ayarlar!$B$15,"Yaklaşıyor","Planlandı"))) -> Yapıldı | H29: =IF(B29=D29,"Kendi mağazası!",IF(INDEX(Magazalar!$C:$C,MATCH(D29,Magazalar!$A:$A,0))<>C29,"Uzmanlık dışı",IF(INDEX(Magazalar!$B:$B,MATCH(D29,Magazalar!$A:$A,0))<>INDEX(Magazalar!$B:$B,MATCH(B29,Magazalar!$A:$A,0)),"Uygun (grup dışı)","Uygun"))) -> Uygun | J29: Mağaza H | K29: RSA | L29: 46237 | M29: =L29-Ayarlar!$B$3 -> -42 | N29: =IF(M29<0,"Tarih geçti",IF(M29<=Ayarlar!$B$15,"Yaklaşıyor","")) -> Tarih geçti
A30: 2026-Ç2 | B30: Mağaza A | C30: PAP | D30: Mağaza C | E30: 46136 | F30: 46134 | G30: =IF(F30<>"","Yapıldı",IF(E30<Ayarlar!$B$3,"Gecikti",IF(E30-Ayarlar!$B$3<=Ayarlar!$B$15,"Yaklaşıyor","Planlandı"))) -> Yapıldı | H30: =IF(B30=D30,"Kendi mağazası!",IF(INDEX(Magazalar!$C:$C,MATCH(D30,Magazalar!$A:$A,0))<>C30,"Uzmanlık dışı",IF(INDEX(Magazalar!$B:$B,MATCH(D30,Magazalar!$A:$A,0))<>INDEX(Magazalar!$B:$B,MATCH(B30,Magazalar!$A:$A,0)),"Uygun (grup dışı)","Uygun"))) -> Uygun
A31: 2026-Ç2 | B31: Mağaza A | C31: RSA | D31: Mağaza H | E31: 46131 | F31: 46129 | G31: =IF(F31<>"","Yapıldı",IF(E31<Ayarlar!$B$3,"Gecikti",IF(E31-Ayarlar!$B$3<=Ayarlar!$B$15,"Yaklaşıyor","Planlandı"))) -> Yapıldı | H31: =IF(B31=D31,"Kendi mağazası!",IF(INDEX(Magazalar!$C:$C,MATCH(D31,Magazalar!$A:$A,0))<>C31,"Uzmanlık dışı",IF(INDEX(Magazalar!$B:$B,MATCH(D31,Magazalar!$A:$A,0))<>INDEX(Magazalar!$B:$B,MATCH(B31,Magazalar!$A:$A,0)),"Uygun (grup dışı)","Uygun"))) -> Uygun (grup dışı)
A32: 2026-Ç2 | B32: Mağaza B | C32: ASA | D32: Mağaza E | E32: 46129 | F32: 46132 | G32: =IF(F32<>"","Yapıldı",IF(E32<Ayarlar!$B$3,"Gecikti",IF(E32-Ayarlar!$B$3<=Ayarlar!$B$15,"Yaklaşıyor","Planlandı"))) -> Yapıldı | H32: =IF(B32=D32,"Kendi mağazası!",IF(INDEX(Magazalar!$C:$C,MATCH(D32,Magazalar!$A:$A,0))<>C32,"Uzmanlık dışı",IF(INDEX(Magazalar!$B:$B,MATCH(D32,Magazalar!$A:$A,0))<>INDEX(Magazalar!$B:$B,MATCH(B32,Magazalar!$A:$A,0)),"Uygun (grup dışı)","Uygun"))) -> Uygun (grup dışı)
A33: 2026-Ç2 | B33: Mağaza B | C33: PAP | D33: Mağaza C | E33: 46171 | F33: 46171 | G33: =IF(F33<>"","Yapıldı",IF(E33<Ayarlar!$B$3,"Gecikti",IF(E33-Ayarlar!$B$3<=Ayarlar!$B$15,"Yaklaşıyor","Planlandı"))) -> Yapıldı | H33: =IF(B33=D33,"Kendi mağazası!",IF(INDEX(Magazalar!$C:$C,MATCH(D33,Magazalar!$A:$A,0))<>C33,"Uzmanlık dışı",IF(INDEX(Magazalar!$B:$B,MATCH(D33,Magazalar!$A:$A,0))<>INDEX(Magazalar!$B:$B,MATCH(B33,Magazalar!$A:$A,0)),"Uygun (grup dışı)","Uygun"))) -> Uygun
A34: 2026-Ç2 | B34: Mağaza B | C34: RSA | D34: Mağaza A | E34: 46136 | F34: 46134 | G34: =IF(F34<>"","Yapıldı",IF(E34<Ayarlar!$B$3,"Gecikti",IF(E34-Ayarlar!$B$3<=Ayarlar!$B$15,"Yaklaşıyor","Planlandı"))) -> Yapıldı | H34: =IF(B34=D34,"Kendi mağazası!",IF(INDEX(Magazalar!$C:$C,MATCH(D34,Magazalar!$A:$A,0))<>C34,"Uzmanlık dışı",IF(INDEX(Magazalar!$B:$B,MATCH(D34,Magazalar!$A:$A,0))<>INDEX(Magazalar!$B:$B,MATCH(B34,Magazalar!$A:$A,0)),"Uygun (grup dışı)","Uygun"))) -> Uygun
A35: 2026-Ç2 | B35: Mağaza C | C35: ASA | D35: Mağaza B | E35: 46156 | F35: 46154 | G35: =IF(F35<>"","Yapıldı",IF(E35<Ayarlar!$B$3,"Gecikti",IF(E35-Ayarlar!$B$3<=Ayarlar!$B$15,"Yaklaşıyor","Planlandı"))) -> Yapıldı | H35: =IF(B35=D35,"Kendi mağazası!",IF(INDEX(Magazalar!$C:$C,MATCH(D35,Magazalar!$A:$A,0))<>C35,"Uzmanlık dışı",IF(INDEX(Magazalar!$B:$B,MATCH(D35,Magazalar!$A:$A,0))<>INDEX(Magazalar!$B:$B,MATCH(B35,Magazalar!$A:$A,0)),"Uygun (grup dışı)","Uygun"))) -> Uygun
A36: 2026-Ç2 | B36: Mağaza C | C36: PAP | D36: Mağaza F | E36: 46155 | F36: 46156 | G36: =IF(F36<>"","Yapıldı",IF(E36<Ayarlar!$B$3,"Gecikti",IF(E36-Ayarlar!$B$3<=Ayarlar!$B$15,"Yaklaşıyor","Planlandı"))) -> Yapıldı | H36: =IF(B36=D36,"Kendi mağazası!",IF(INDEX(Magazalar!$C:$C,MATCH(D36,Magazalar!$A:$A,0))<>C36,"Uzmanlık dışı",IF(INDEX(Magazalar!$B:$B,MATCH(D36,Magazalar!$A:$A,0))<>INDEX(Magazalar!$B:$B,MATCH(B36,Magazalar!$A:$A,0)),"Uygun (grup dışı)","Uygun"))) -> Uygun (grup dışı)
A37: 2026-Ç2 | B37: Mağaza C | C37: RSA | D37: Mağaza A | E37: 46162 | F37: 46163 | G37: =IF(F37<>"","Yapıldı",IF(E37<Ayarlar!$B$3,"Gecikti",IF(E37-Ayarlar!$B$3<=Ayarlar!$B$15,"Yaklaşıyor","Planlandı"))) -> Yapıldı | H37: =IF(B37=D37,"Kendi mağazası!",IF(INDEX(Magazalar!$C:$C,MATCH(D37,Magazalar!$A:$A,0))<>C37,"Uzmanlık dışı",IF(INDEX(Magazalar!$B:$B,MATCH(D37,Magazalar!$A:$A,0))<>INDEX(Magazalar!$B:$B,MATCH(B37,Magazalar!$A:$A,0)),"Uygun (grup dışı)","Uygun"))) -> Uygun
A38: 2026-Ç2 | B38: Mağaza D | C38: ASA | D38: Mağaza E | E38: 46154 | F38: 46154 | G38: =IF(F38<>"","Yapıldı",IF(E38<Ayarlar!$B$3,"Gecikti",IF(E38-Ayarlar!$B$3<=Ayarlar!$B$15,"Yaklaşıyor","Planlandı"))) -> Yapıldı | H38: =IF(B38=D38,"Kendi mağazası!",IF(INDEX(Magazalar!$C:$C,MATCH(D38,Magazalar!$A:$A,0))<>C38,"Uzmanlık dışı",IF(INDEX(Magazalar!$B:$B,MATCH(D38,Magazalar!$A:$A,0))<>INDEX(Magazalar!$B:$B,MATCH(B38,Magazalar!$A:$A,0)),"Uygun (grup dışı)","Uygun"))) -> Uygun
A39: 2026-Ç2 | B39: Mağaza D | C39: PAP | D39: Mağaza F | E39: 46137 | F39: 46135 | G39: =IF(F39<>"","Yapıldı",IF(E39<Ayarlar!$B$3,"Gecikti",IF(E39-Ayarlar!$B$3<=Ayarlar!$B$15,"Yaklaşıyor","Planlandı"))) -> Yapıldı | H39: =IF(B39=D39,"Kendi mağazası!",IF(INDEX(Magazalar!$C:$C,MATCH(D39,Magazalar!$A:$A,0))<>C39,"Uzmanlık dışı",IF(INDEX(Magazalar!$B:$B,MATCH(D39,Magazalar!$A:$A,0))<>INDEX(Magazalar!$B:$B,MATCH(B39,Magazalar!$A:$A,0)),"Uygun (grup dışı)","Uygun"))) -> Uygun
A40: 2026-Ç2 | B40: Mağaza D | C40: RSA | D40: Mağaza A | E40: 46133 | F40: 46131 | G40: =IF(F40<>"","Yapıldı",IF(E40<Ayarlar!$B$3,"Gecikti",IF(E40-Ayarlar!$B$3<=Ayarlar!$B$15,"Yaklaşıyor","Planlandı"))) -> Yapıldı | H40: =IF(B40=D40,"Kendi mağazası!",IF(INDEX(Magazalar!$C:$C,MATCH(D40,Magazalar!$A:$A,0))<>C40,"Uzmanlık dışı",IF(INDEX(Magazalar!$B:$B,MATCH(D40,Magazalar!$A:$A,0))<>INDEX(Magazalar!$B:$B,MATCH(B40,Magazalar!$A:$A,0)),"Uygun (grup dışı)","Uygun"))) -> Uygun (grup dışı)
A41: 2026-Ç2 | B41: Mağaza E | C41: ASA | D41: Mağaza G | E41: 46171 | F41: 46172 | G41: =IF(F41<>"","Yapıldı",IF(E41<Ayarlar!$B$3,"Gecikti",IF(E41-Ayarlar!$B$3<=Ayarlar!$B$15,"Yaklaşıyor","Planlandı"))) -> Yapıldı | H41: =IF(B41=D41,"Kendi mağazası!",IF(INDEX(Magazalar!$C:$C,MATCH(D41,Magazalar!$A:$A,0))<>C41,"Uzmanlık dışı",IF(INDEX(Magazalar!$B:$B,MATCH(D41,Magazalar!$A:$A,0))<>INDEX(Magazalar!$B:$B,MATCH(B41,Magazalar!$A:$A,0)),"Uygun (grup dışı)","Uygun"))) -> Uygun (grup dışı)
... A52: 2026-Ç2 | B52: Mağaza H | C52: RSA | D52: Mağaza A | E52: 46145 | F52: 46146 | G52: =IF(F52<>"","Yapıldı",IF(E52<Ayarlar!$B$3,"Gecikti",IF(E52-Ayarlar!$B$3<=Ayarlar!$B$15,"Yaklaşıyor","Planlandı"))) -> Yapıldı | H52: =IF(B52=D52,"Kendi mağazası!",IF(INDEX(Magazalar!$C:$C,MATCH(D52,Magazalar!$A:$A,0))<>C52,"Uzmanlık dışı",IF(INDEX(Magazalar!$B:$B,MATCH(D52,Magazalar!$A:$A,0))<>INDEX(Magazalar!$B:$B,MATCH(B52,Magazalar!$A:$A,0)),"Uygun (grup dışı)","Uygun"))) -> Uygun (grup dışı)
A53: 2026-Ç3 | B53: Mağaza A | C53: ASA | D53: Mağaza B | E53: 46232 | G53: =IF(F53<>"","Yapıldı",IF(E53<Ayarlar!$B$3,"Gecikti",IF(E53-Ayarlar!$B$3<=Ayarlar!$B$15,"Yaklaşıyor","Planlandı"))) -> Gecikti | H53: =IF(B53=D53,"Kendi mağazası!",IF(INDEX(Magazalar!$C:$C,MATCH(D53,Magazalar!$A:$A,0))<>C53,"Uzmanlık dışı",IF(INDEX(Magazalar!$B:$B,MATCH(D53,Magazalar!$A:$A,0))<>INDEX(Magazalar!$B:$B,MATCH(B53,Magazalar!$A:$A,0)),"Uygun (grup dışı)","Uygun"))) -> Uygun
A54: 2026-Ç3 | B54: Mağaza A | C54: PAP | D54: Mağaza C | E54: 46234 | F54: 46237 | G54: =IF(F54<>"","Yapıldı",IF(E54<Ayarlar!$B$3,"Gecikti",IF(E54-Ayarlar!$B$3<=Ayarlar!$B$15,"Yaklaşıyor","Planlandı"))) -> Yapıldı | H54: =IF(B54=D54,"Kendi mağazası!",IF(INDEX(Magazalar!$C:$C,MATCH(D54,Magazalar!$A:$A,0))<>C54,"Uzmanlık dışı",IF(INDEX(Magazalar!$B:$B,MATCH(D54,Magazalar!$A:$A,0))<>INDEX(Magazalar!$B:$B,MATCH(B54,Magazalar!$A:$A,0)),"Uygun (grup dışı)","Uygun"))) -> Uygun
A55: 2026-Ç3 | B55: Mağaza A | C55: RSA | D55: Mağaza D | E55: 46263 | G55: =IF(F55<>"","Yapıldı",IF(E55<Ayarlar!$B$3,"Gecikti",IF(E55-Ayarlar!$B$3<=Ayarlar!$B$15,"Yaklaşıyor","Planlandı"))) -> Gecikti | H55: =IF(B55=D55,"Kendi mağazası!",IF(INDEX(Magazalar!$C:$C,MATCH(D55,Magazalar!$A:$A,0))<>C55,"Uzmanlık dışı",IF(INDEX(Magazalar!$B:$B,MATCH(D55,Magazalar!$A:$A,0))<>INDEX(Magazalar!$B:$B,MATCH(B55,Magazalar!$A:$A,0)),"Uygun (grup dışı)","Uygun"))) -> Uygun (grup dışı)
A56: 2026-Ç3 | B56: Mağaza B | C56: ASA | D56: Mağaza G | E56: 46243 | G56: =IF(F56<>"","Yapıldı",IF(E56<Ayarlar!$B$3,"Gecikti",IF(E56-Ayarlar!$B$3<=Ayarlar!$B$15,"Yaklaşıyor","Planlandı"))) -> Gecikti | H56: =IF(B56=D56,"Kendi mağazası!",IF(INDEX(Magazalar!$C:$C,MATCH(D56,Magazalar!$A:$A,0))<>C56,"Uzmanlık dışı",IF(INDEX(Magazalar!$B:$B,MATCH(D56,Magazalar!$A:$A,0))<>INDEX(Magazalar!$B:$B,MATCH(B56,Magazalar!$A:$A,0)),"Uygun (grup dışı)","Uygun"))) -> Uygun (grup dışı)
A57: 2026-Ç3 | B57: Mağaza B | C57: PAP | D57: Mağaza C | E57: 46260 | G57: =IF(F57<>"","Yapıldı",IF(E57<Ayarlar!$B$3,"Gecikti",IF(E57-Ayarlar!$B$3<=Ayarlar!$B$15,"Yaklaşıyor","Planlandı"))) -> Gecikti | H57: =IF(B57=D57,"Kendi mağazası!",IF(INDEX(Magazalar!$C:$C,MATCH(D57,Magazalar!$A:$A,0))<>C57,"Uzmanlık dışı",IF(INDEX(Magazalar!$B:$B,MATCH(D57,Magazalar!$A:$A,0))<>INDEX(Magazalar!$B:$B,MATCH(B57,Magazalar!$A:$A,0)),"Uygun (grup dışı)","Uygun"))) -> Uygun
A58: 2026-Ç3 | B58: Mağaza B | C58: RSA | D58: Mağaza A | E58: 46228 | G58: =IF(F58<>"","Yapıldı",IF(E58<Ayarlar!$B$3,"Gecikti",IF(E58-Ayarlar!$B$3<=Ayarlar!$B$15,"Yaklaşıyor","Planlandı"))) -> Gecikti | H58: =IF(B58=D58,"Kendi mağazası!",IF(INDEX(Magazalar!$C:$C,MATCH(D58,Magazalar!$A:$A,0))<>C58,"Uzmanlık dışı",IF(INDEX(Magazalar!$B:$B,MATCH(D58,Magazalar!$A:$A,0))<>INDEX(Magazalar!$B:$B,MATCH(B58,Magazalar!$A:$A,0)),"Uygun (grup dışı)","Uygun"))) -> Uygun
A59: 2026-Ç3 | B59: Mağaza C | C59: ASA | D59: Mağaza B | E59: 46242 | F59: 46243 | G59: =IF(F59<>"","Yapıldı",IF(E59<Ayarlar!$B$3,"Gecikti",IF(E59-Ayarlar!$B$3<=Ayarlar!$B$15,"Yaklaşıyor","Planlandı"))) -> Yapıldı | H59: =IF(B59=D59,"Kendi mağazası!",IF(INDEX(Magazalar!$C:$C,MATCH(D59,Magazalar!$A:$A,0))<>C59,"Uzmanlık dışı",IF(INDEX(Magazalar!$B:$B,MATCH(D59,Magazalar!$A:$A,0))<>INDEX(Magazalar!$B:$B,MATCH(B59,Magazalar!$A:$A,0)),"Uygun (grup dışı)","Uygun"))) -> Uygun
A60: 2026-Ç3 | B60: Mağaza C | C60: PAP | D60: Mağaza F | E60: 46254 | F60: 46257 | G60: =IF(F60<>"","Yapıldı",IF(E60<Ayarlar!$B$3,"Gecikti",IF(E60-Ayarlar!$B$3<=Ayarlar!$B$15,"Yaklaşıyor","Planlandı"))) -> Yapıldı | H60: =IF(B60=D60,"Kendi mağazası!",IF(INDEX(Magazalar!$C:$C,MATCH(D60,Magazalar!$A:$A,0))<>C60,"Uzmanlık dışı",IF(INDEX(Magazalar!$B:$B,MATCH(D60,Magazalar!$A:$A,0))<>INDEX(Magazalar!$B:$B,MATCH(B60,Magazalar!$A:$A,0)),"Uygun (grup dışı)","Uygun"))) -> Uygun (grup dışı)
A61: 2026-Ç3 | B61: Mağaza C | C61: RSA | D61: Mağaza A | E61: 46226 | F61: 46229 | G61: =IF(F61<>"","Yapıldı",IF(E61<Ayarlar!$B$3,"Gecikti",IF(E61-Ayarlar!$B$3<=Ayarlar!$B$15,"Yaklaşıyor","Planlandı"))) -> Yapıldı | H61: =IF(B61=D61,"Kendi mağazası!",IF(INDEX(Magazalar!$C:$C,MATCH(D61,Magazalar!$A:$A,0))<>C61,"Uzmanlık dışı",IF(INDEX(Magazalar!$B:$B,MATCH(D61,Magazalar!$A:$A,0))<>INDEX(Magazalar!$B:$B,MATCH(B61,Magazalar!$A:$A,0)),"Uygun (grup dışı)","Uygun"))) -> Uygun
A62: 2026-Ç3 | B62: Mağaza D | C62: ASA | D62: Mağaza E | E62: 46244 | G62: =IF(F62<>"","Yapıldı",IF(E62<Ayarlar!$B$3,"Gecikti",IF(E62-Ayarlar!$B$3<=Ayarlar!$B$15,"Yaklaşıyor","Planlandı"))) -> Gecikti | H62: =IF(B62=D62,"Kendi mağazası!",IF(INDEX(Magazalar!$C:$C,MATCH(D62,Magazalar!$A:$A,0))<>C62,"Uzmanlık dışı",IF(INDEX(Magazalar!$B:$B,MATCH(D62,Magazalar!$A:$A,0))<>INDEX(Magazalar!$B:$B,MATCH(B62,Magazalar!$A:$A,0)),"Uygun (grup dışı)","Uygun"))) -> Uygun
A63: 2026-Ç3 | B63: Mağaza D | C63: PAP | D63: Mağaza F | E63: 46222 | F63: 46223 | G63: =IF(F63<>"","Yapıldı",IF(E63<Ayarlar!$B$3,"Gecikti",IF(E63-Ayarlar!$B$3<=Ayarlar!$B$15,"Yaklaşıyor","Planlandı"))) -> Yapıldı | H63: =IF(B63=D63,"Kendi mağazası!",IF(INDEX(Magazalar!$C:$C,MATCH(D63,Magazalar!$A:$A,0))<>C63,"Uzmanlık dışı",IF(INDEX(Magazalar!$B:$B,MATCH(D63,Magazalar!$A:$A,0))<>INDEX(Magazalar!$B:$B,MATCH(B63,Magazalar!$A:$A,0)),"Uygun (grup dışı)","Uygun"))) -> Uygun
A64: 2026-Ç3 | B64: Mağaza D | C64: RSA | D64: Mağaza H | E64: 46220 | F64: 46220 | G64: =IF(F64<>"","Yapıldı",IF(E64<Ayarlar!$B$3,"Gecikti",IF(E64-Ayarlar!$B$3<=Ayarlar!$B$15,"Yaklaşıyor","Planlandı"))) -> Yapıldı | H64: =IF(B64=D64,"Kendi mağazası!",IF(INDEX(Magazalar!$C:$C,MATCH(D64,Magazalar!$A:$A,0))<>C64,"Uzmanlık dışı",IF(INDEX(Magazalar!$B:$B,MATCH(D64,Magazalar!$A:$A,0))<>INDEX(Magazalar!$B:$B,MATCH(B64,Magazalar!$A:$A,0)),"Uygun (grup dışı)","Uygun"))) -> Uygun (grup dışı)
A65: 2026-Ç3 | B65: Mağaza E | C65: ASA | D65: Mağaza B | E65: 46251 | F65: 46249 | G65: =IF(F65<>"","Yapıldı",IF(E65<Ayarlar!$B$3,"Gecikti",IF(E65-Ayarlar!$B$3<=Ayarlar!$B$15,"Yaklaşıyor","Planlandı"))) -> Yapıldı | H65: =IF(B65=D65,"Kendi mağazası!",IF(INDEX(Magazalar!$C:$C,MATCH(D65,Magazalar!$A:$A,0))<>C65,"Uzmanlık dışı",IF(INDEX(Magazalar!$B:$B,MATCH(D65,Magazalar!$A:$A,0))<>INDEX(Magazalar!$B:$B,MATCH(B65,Magazalar!$A:$A,0)),"Uygun (grup dışı)","Uygun"))) -> Uygun (grup dışı)
A66: 2026-Ç3 | B66: Mağaza E | C66: PAP | D66: Mağaza F | E66: 46250 | F66: 46253 | G66: =IF(F66<>"","Yapıldı",IF(E66<Ayarlar!$B$3,"Gecikti",IF(E66-Ayarlar!$B$3<=Ayarlar!$B$15,"Yaklaşıyor","Planlandı"))) -> Yapıldı | H66: =IF(B66=D66,"Kendi mağazası!",IF(INDEX(Magazalar!$C:$C,MATCH(D66,Magazalar!$A:$A,0))<>C66,"Uzmanlık dışı",IF(INDEX(Magazalar!$B:$B,MATCH(D66,Magazalar!$A:$A,0))<>INDEX(Magazalar!$B:$B,MATCH(B66,Magazalar!$A:$A,0)),"Uygun (grup dışı)","Uygun"))) -> Uygun
A67: 2026-Ç3 | B67: Mağaza E | C67: RSA | D67: Mağaza D | E67: 46256 | G67: =IF(F67<>"","Yapıldı",IF(E67<Ayarlar!$B$3,"Gecikti",IF(E67-Ayarlar!$B$3<=Ayarlar!$B$15,"Yaklaşıyor","Planlandı"))) -> Gecikti | H67: =IF(B67=D67,"Kendi mağazası!",IF(INDEX(Magazalar!$C:$C,MATCH(D67,Magazalar!$A:$A,0))<>C67,"Uzmanlık dışı",IF(INDEX(Magazalar!$B:$B,MATCH(D67,Magazalar!$A:$A,0))<>INDEX(Magazalar!$B:$B,MATCH(B67,Magazalar!$A:$A,0)),"Uygun (grup dışı)","Uygun"))) -> Uygun
A68: 2026-Ç3 | B68: Mağaza F | C68: ASA | D68: Mağaza E | E68: 46226 | F68: 46227 | G68: =IF(F68<>"","Yapıldı",IF(E68<Ayarlar!$B$3,"Gecikti",IF(E68-Ayarlar!$B$3<=Ayarlar!$B$15,"Yaklaşıyor","Planlandı"))) -> Yapıldı | H68: =IF(B68=D68,"Kendi mağazası!",IF(INDEX(Magazalar!$C:$C,MATCH(D68,Magazalar!$A:$A,0))<>C68,"Uzmanlık dışı",IF(INDEX(Magazalar!$B:$B,MATCH(D68,Magazalar!$A:$A,0))<>INDEX(Magazalar!$B:$B,MATCH(B68,Magazalar!$A:$A,0)),"Uygun (grup dışı)","Uygun"))) -> Uygun
A69: 2026-Ç3 | B69: Mağaza F | C69: PAP | D69: Mağaza C | E69: 46254 | F69: 46254 | G69: =IF(F69<>"","Yapıldı",IF(E69<Ayarlar!$B$3,"Gecikti",IF(E69-Ayarlar!$B$3<=Ayarlar!$B$15,"Yaklaşıyor","Planlandı"))) -> Yapıldı | H69: =IF(B69=D69,"Kendi mağazası!",IF(INDEX(Magazalar!$C:$C,MATCH(D69,Magazalar!$A:$A,0))<>C69,"Uzmanlık dışı",IF(INDEX(Magazalar!$B:$B,MATCH(D69,Magazalar!$A:$A,0))<>INDEX(Magazalar!$B:$B,MATCH(B69,Magazalar!$A:$A,0)),"Uygun (grup dışı)","Uygun"))) -> Uygun (grup dışı)
A70: 2026-Ç3 | B70: Mağaza F | C70: RSA | D70: Mağaza D | E70: 46240 | F70: 46241 | G70: =IF(F70<>"","Yapıldı",IF(E70<Ayarlar!$B$3,"Gecikti",IF(E70-Ayarlar!$B$3<=Ayarlar!$B$15,"Yaklaşıyor","Planlandı"))) -> Yapıldı | H70: =IF(B70=D70,"Kendi mağazası!",IF(INDEX(Magazalar!$C:$C,MATCH(D70,Magazalar!$A:$A,0))<>C70,"Uzmanlık dışı",IF(INDEX(Magazalar!$B:$B,MATCH(D70,Magazalar!$A:$A,0))<>INDEX(Magazalar!$B:$B,MATCH(B70,Magazalar!$A:$A,0)),"Uygun (grup dışı)","Uygun"))) -> Uygun
A71: 2026-Ç3 | B71: Mağaza G | C71: ASA | D71: Mağaza B | E71: 46218 | G71: =IF(F71<>"","Yapıldı",IF(E71<Ayarlar!$B$3,"Gecikti",IF(E71-Ayarlar!$B$3<=Ayarlar!$B$15,"Yaklaşıyor","Planlandı"))) -> Gecikti | H71: =IF(B71=D71,"Kendi mağazası!",IF(INDEX(Magazalar!$C:$C,MATCH(D71,Magazalar!$A:$A,0))<>C71,"Uzmanlık dışı",IF(INDEX(Magazalar!$B:$B,MATCH(D71,Magazalar!$A:$A,0))<>INDEX(Magazalar!$B:$B,MATCH(B71,Magazalar!$A:$A,0)),"Uygun (grup dışı)","Uygun"))) -> Uygun (grup dışı)
A72: 2026-Ç3 | B72: Mağaza G | C72: PAP | D72: Mağaza C | E72: 46257 | F72: 46257 | G72: =IF(F72<>"","Yapıldı",IF(E72<Ayarlar!$B$3,"Gecikti",IF(E72-Ayarlar!$B$3<=Ayarlar!$B$15,"Yaklaşıyor","Planlandı"))) -> Yapıldı | H72: =IF(B72=D72,"Kendi mağazası!",IF(INDEX(Magazalar!$C:$C,MATCH(D72,Magazalar!$A:$A,0))<>C72,"Uzmanlık dışı",IF(INDEX(Magazalar!$B:$B,MATCH(D72,Magazalar!$A:$A,0))<>INDEX(Magazalar!$B:$B,MATCH(B72,Magazalar!$A:$A,0)),"Uygun (grup dışı)","Uygun"))) -> Uygun (grup dışı)
A73: 2026-Ç3 | B73: Mağaza G | C73: RSA | D73: Mağaza H | E73: 46255 | G73: =IF(F73<>"","Yapıldı",IF(E73<Ayarlar!$B$3,"Gecikti",IF(E73-Ayarlar!$B$3<=Ayarlar!$B$15,"Yaklaşıyor","Planlandı"))) -> Gecikti | H73: =IF(B73=D73,"Kendi mağazası!",IF(INDEX(Magazalar!$C:$C,MATCH(D73,Magazalar!$A:$A,0))<>C73,"Uzmanlık dışı",IF(INDEX(Magazalar!$B:$B,MATCH(D73,Magazalar!$A:$A,0))<>INDEX(Magazalar!$B:$B,MATCH(B73,Magazalar!$A:$A,0)),"Uygun (grup dışı)","Uygun"))) -> Uygun
A74: 2026-Ç3 | B74: Mağaza H | C74: ASA | D74: Mağaza G | E74: 46245 | G74: =IF(F74<>"","Yapıldı",IF(E74<Ayarlar!$B$3,"Gecikti",IF(E74-Ayarlar!$B$3<=Ayarlar!$B$15,"Yaklaşıyor","Planlandı"))) -> Gecikti | H74: =IF(B74=D74,"Kendi mağazası!",IF(INDEX(Magazalar!$C:$C,MATCH(D74,Magazalar!$A:$A,0))<>C74,"Uzmanlık dışı",IF(INDEX(Magazalar!$B:$B,MATCH(D74,Magazalar!$A:$A,0))<>INDEX(Magazalar!$B:$B,MATCH(B74,Magazalar!$A:$A,0)),"Uygun (grup dışı)","Uygun"))) -> Uygun
A75: 2026-Ç3 | B75: Mağaza H | C75: PAP | D75: Mağaza F | E75: 46230 | G75: =IF(F75<>"","Yapıldı",IF(E75<Ayarlar!$B$3,"Gecikti",IF(E75-Ayarlar!$B$3<=Ayarlar!$B$15,"Yaklaşıyor","Planlandı"))) -> Gecikti | H75: =IF(B75=D75,"Kendi mağazası!",IF(INDEX(Magazalar!$C:$C,MATCH(D75,Magazalar!$A:$A,0))<>C75,"Uzmanlık dışı",IF(INDEX(Magazalar!$B:$B,MATCH(D75,Magazalar!$A:$A,0))<>INDEX(Magazalar!$B:$B,MATCH(B75,Magazalar!$A:$A,0)),"Uygun (grup dışı)","Uygun"))) -> Uygun (grup dışı)
A76: 2026-Ç3 | B76: Mağaza H | C76: RSA | D76: Mağaza D | E76: 46248 | F76: 46248 | G76: =IF(F76<>"","Yapıldı",IF(E76<Ayarlar!$B$3,"Gecikti",IF(E76-Ayarlar!$B$3<=Ayarlar!$B$15,"Yaklaşıyor","Planlandı"))) -> Yapıldı | H76: =IF(B76=D76,"Kendi mağazası!",IF(INDEX(Magazalar!$C:$C,MATCH(D76,Magazalar!$A:$A,0))<>C76,"Uzmanlık dışı",IF(INDEX(Magazalar!$B:$B,MATCH(D76,Magazalar!$A:$A,0))<>INDEX(Magazalar!$B:$B,MATCH(B76,Magazalar!$A:$A,0)),"Uygun (grup dışı)","Uygun"))) -> Uygun (grup dışı)
A77: 2026-Ç4 | B77: Mağaza A | C77: ASA | D77: Mağaza B | E77: 46291 | G77: =IF(F77<>"","Yapıldı",IF(E77<Ayarlar!$B$3,"Gecikti",IF(E77-Ayarlar!$B$3<=Ayarlar!$B$15,"Yaklaşıyor","Planlandı"))) -> Yaklaşıyor | H77: =IF(B77=D77,"Kendi mağazası!",IF(INDEX(Magazalar!$C:$C,MATCH(D77,Magazalar!$A:$A,0))<>C77,"Uzmanlık dışı",IF(INDEX(Magazalar!$B:$B,MATCH(D77,Magazalar!$A:$A,0))<>INDEX(Magazalar!$B:$B,MATCH(B77,Magazalar!$A:$A,0)),"Uygun (grup dışı)","Uygun"))) -> Uygun
A78: 2026-Ç4 | B78: Mağaza A | C78: PAP | D78: Mağaza C | E78: 46322 | G78: =IF(F78<>"","Yapıldı",IF(E78<Ayarlar!$B$3,"Gecikti",IF(E78-Ayarlar!$B$3<=Ayarlar!$B$15,"Yaklaşıyor","Planlandı"))) -> Planlandı | H78: =IF(B78=D78,"Kendi mağazası!",IF(INDEX(Magazalar!$C:$C,MATCH(D78,Magazalar!$A:$A,0))<>C78,"Uzmanlık dışı",IF(INDEX(Magazalar!$B:$B,MATCH(D78,Magazalar!$A:$A,0))<>INDEX(Magazalar!$B:$B,MATCH(B78,Magazalar!$A:$A,0)),"Uygun (grup dışı)","Uygun"))) -> Uygun
A79: 2026-Ç4 | B79: Mağaza A | C79: RSA | D79: Mağaza H | E79: 46313 | G79: =IF(F79<>"","Yapıldı",IF(E79<Ayarlar!$B$3,"Gecikti",IF(E79-Ayarlar!$B$3<=Ayarlar!$B$15,"Yaklaşıyor","Planlandı"))) -> Planlandı | H79: =IF(B79=D79,"Kendi mağazası!",IF(INDEX(Magazalar!$C:$C,MATCH(D79,Magazalar!$A:$A,0))<>C79,"Uzmanlık dışı",IF(INDEX(Magazalar!$B:$B,MATCH(D79,Magazalar!$A:$A,0))<>INDEX(Magazalar!$B:$B,MATCH(B79,Magazalar!$A:$A,0)),"Uygun (grup dışı)","Uygun"))) -> Uygun (grup dışı)
A80: 2026-Ç4 | B80: Mağaza B | C80: ASA | D80: Mağaza E | E80: 46326 | G80: =IF(F80<>"","Yapıldı",IF(E80<Ayarlar!$B$3,"Gecikti",IF(E80-Ayarlar!$B$3<=Ayarlar!$B$15,"Yaklaşıyor","Planlandı"))) -> Planlandı | H80: =IF(B80=D80,"Kendi mağazası!",IF(INDEX(Magazalar!$C:$C,MATCH(D80,Magazalar!$A:$A,0))<>C80,"Uzmanlık dışı",IF(INDEX(Magazalar!$B:$B,MATCH(D80,Magazalar!$A:$A,0))<>INDEX(Magazalar!$B:$B,MATCH(B80,Magazalar!$A:$A,0)),"Uygun (grup dışı)","Uygun"))) -> Uygun (grup dışı)
A81: 2026-Ç4 | B81: Mağaza B | C81: PAP | D81: Mağaza C | E81: 46293 | G81: =IF(F81<>"","Yapıldı",IF(E81<Ayarlar!$B$3,"Gecikti",IF(E81-Ayarlar!$B$3<=Ayarlar!$B$15,"Yaklaşıyor","Planlandı"))) -> Yaklaşıyor | H81: =IF(B81=D81,"Kendi mağazası!",IF(INDEX(Magazalar!$C:$C,MATCH(D81,Magazalar!$A:$A,0))<>C81,"Uzmanlık dışı",IF(INDEX(Magazalar!$B:$B,MATCH(D81,Magazalar!$A:$A,0))<>INDEX(Magazalar!$B:$B,MATCH(B81,Magazalar!$A:$A,0)),"Uygun (grup dışı)","Uygun"))) -> Uygun
A82: 2026-Ç4 | B82: Mağaza B | C82: RSA | D82: Mağaza A | E82: 46313 | G82: =IF(F82<>"","Yapıldı",IF(E82<Ayarlar!$B$3,"Gecikti",IF(E82-Ayarlar!$B$3<=Ayarlar!$B$15,"Yaklaşıyor","Planlandı"))) -> Planlandı | H82: =IF(B82=D82,"Kendi mağazası!",IF(INDEX(Magazalar!$C:$C,MATCH(D82,Magazalar!$A:$A,0))<>C82,"Uzmanlık dışı",IF(INDEX(Magazalar!$B:$B,MATCH(D82,Magazalar!$A:$A,0))<>INDEX(Magazalar!$B:$B,MATCH(B82,Magazalar!$A:$A,0)),"Uygun (grup dışı)","Uygun"))) -> Uygun
A83: 2026-Ç4 | B83: Mağaza C | C83: ASA | D83: Mağaza B | E83: 46317 | G83: =IF(F83<>"","Yapıldı",IF(E83<Ayarlar!$B$3,"Gecikti",IF(E83-Ayarlar!$B$3<=Ayarlar!$B$15,"Yaklaşıyor","Planlandı"))) -> Planlandı | H83: =IF(B83=D83,"Kendi mağazası!",IF(INDEX(Magazalar!$C:$C,MATCH(D83,Magazalar!$A:$A,0))<>C83,"Uzmanlık dışı",IF(INDEX(Magazalar!$B:$B,MATCH(D83,Magazalar!$A:$A,0))<>INDEX(Magazalar!$B:$B,MATCH(B83,Magazalar!$A:$A,0)),"Uygun (grup dışı)","Uygun"))) -> Uygun
A84: 2026-Ç4 | B84: Mağaza C | C84: PAP | D84: Mağaza F | E84: 46290 | G84: =IF(F84<>"","Yapıldı",IF(E84<Ayarlar!$B$3,"Gecikti",IF(E84-Ayarlar!$B$3<=Ayarlar!$B$15,"Yaklaşıyor","Planlandı"))) -> Yaklaşıyor | H84: =IF(B84=D84,"Kendi mağazası!",IF(INDEX(Magazalar!$C:$C,MATCH(D84,Magazalar!$A:$A,0))<>C84,"Uzmanlık dışı",IF(INDEX(Magazalar!$B:$B,MATCH(D84,Magazalar!$A:$A,0))<>INDEX(Magazalar!$B:$B,MATCH(B84,Magazalar!$A:$A,0)),"Uygun (grup dışı)","Uygun"))) -> Uygun (grup dışı)
A85: 2026-Ç4 | B85: Mağaza C | C85: RSA | D85: Mağaza A | E85: 46330 | G85: =IF(F85<>"","Yapıldı",IF(E85<Ayarlar!$B$3,"Gecikti",IF(E85-Ayarlar!$B$3<=Ayarlar!$B$15,"Yaklaşıyor","Planlandı"))) -> Planlandı | H85: =IF(B85=D85,"Kendi mağazası!",IF(INDEX(Magazalar!$C:$C,MATCH(D85,Magazalar!$A:$A,0))<>C85,"Uzmanlık dışı",IF(INDEX(Magazalar!$B:$B,MATCH(D85,Magazalar!$A:$A,0))<>INDEX(Magazalar!$B:$B,MATCH(B85,Magazalar!$A:$A,0)),"Uygun (grup dışı)","Uygun"))) -> Uygun
A86: 2026-Ç4 | B86: Mağaza D | C86: ASA | D86: Mağaza E | E86: 46315 | G86: =IF(F86<>"","Yapıldı",IF(E86<Ayarlar!$B$3,"Gecikti",IF(E86-Ayarlar!$B$3<=Ayarlar!$B$15,"Yaklaşıyor","Planlandı"))) -> Planlandı | H86: =IF(B86=D86,"Kendi mağazası!",IF(INDEX(Magazalar!$C:$C,MATCH(D86,Magazalar!$A:$A,0))<>C86,"Uzmanlık dışı",IF(INDEX(Magazalar!$B:$B,MATCH(D86,Magazalar!$A:$A,0))<>INDEX(Magazalar!$B:$B,MATCH(B86,Magazalar!$A:$A,0)),"Uygun (grup dışı)","Uygun"))) -> Uygun
A87: 2026-Ç4 | B87: Mağaza D | C87: PAP | D87: Mağaza F | E87: 46321 | G87: =IF(F87<>"","Yapıldı",IF(E87<Ayarlar!$B$3,"Gecikti",IF(E87-Ayarlar!$B$3<=Ayarlar!$B$15,"Yaklaşıyor","Planlandı"))) -> Planlandı | H87: =IF(B87=D87,"Kendi mağazası!",IF(INDEX(Magazalar!$C:$C,MATCH(D87,Magazalar!$A:$A,0))<>C87,"Uzmanlık dışı",IF(INDEX(Magazalar!$B:$B,MATCH(D87,Magazalar!$A:$A,0))<>INDEX(Magazalar!$B:$B,MATCH(B87,Magazalar!$A:$A,0)),"Uygun (grup dışı)","Uygun"))) -> Uygun
A88: 2026-Ç4 | B88: Mağaza D | C88: RSA | D88: Mağaza A | E88: 46310 | G88: =IF(F88<>"","Yapıldı",IF(E88<Ayarlar!$B$3,"Gecikti",IF(E88-Ayarlar!$B$3<=Ayarlar!$B$15,"Yaklaşıyor","Planlandı"))) -> Planlandı | H88: =IF(B88=D88,"Kendi mağazası!",IF(INDEX(Magazalar!$C:$C,MATCH(D88,Magazalar!$A:$A,0))<>C88,"Uzmanlık dışı",IF(INDEX(Magazalar!$B:$B,MATCH(D88,Magazalar!$A:$A,0))<>INDEX(Magazalar!$B:$B,MATCH(B88,Magazalar!$A:$A,0)),"Uygun (grup dışı)","Uygun"))) -> Uygun (grup dışı)
... A100: 2026-Ç4 | B100: Mağaza H | C100: RSA | D100: Mağaza B | E100: 46330 | G100: =IF(F100<>"","Yapıldı",IF(E100<Ayarlar!$B$3,"Gecikti",IF(E100-Ayarlar!$B$3<=Ayarlar!$B$15,"Yaklaşıyor","Planlandı"))) -> Planlandı | H100: =IF(B100=D100,"Kendi mağazası!",IF(INDEX(Magazalar!$C:$C,MATCH(D100,Magazalar!$A:$A,0))<>C100,"Uzmanlık dışı",IF(INDEX(Magazalar!$B:$B,MATCH(D100,Magazalar!$A:$A,0))<>INDEX(Magazalar!$B:$B,MATCH(B100,Magazalar!$A:$A,0)),"Uygun (grup dışı)","Uygun"))) -> Uzmanlık dışı

Sheet Denetimler
A1: Denetim No | B1: Tarih | C1: Mağaza | D1: Tür | E1: Denetim Tipi | F1: Denetçi | G1: Kritik | H1: Major | I1: Minör | J1: Ceza Puanı | K1: Toplam Soru | L1: Puan | M1: Hedef | N1: Durum
A2: D004 | B2: 46042 | C2: Mağaza B | D2: ASA | E2: İç denetim | F2: Mağaza G | G2: =COUNTIFS(Bulgular!$A$2:$A$570,$A2,Bulgular!$F$2:$F$570,"Kritik") -> 1 | H2: =COUNTIFS(Bulgular!$A$2:$A$570,$A2,Bulgular!$F$2:$F$570,"Major") -> 1 | I2: =COUNTIFS(Bulgular!$A$2:$A$570,$A2,Bulgular!$F$2:$F$570,"Minör") -> 2 | J2: =G2*Ayarlar!$B$6+H2*Ayarlar!$B$7+I2*Ayarlar!$B$8 -> 5.5 | K2: =INDEX(Ayarlar!$C$11:$C$13,MATCH(D2,Ayarlar!$A$11:$A$13,0)) -> 40 | L2: =(K2-J2)/K2*100 -> 86.25 | M2: =INDEX(Ayarlar!$D$11:$D$13,MATCH(D2,Ayarlar!$A$11:$A$13,0)) -> 90 | N2: =IF(L2>=M2,"Geçti","Hedef altı") -> Hedef altı
A3: D018 | B3: 46043 | C3: Mağaza F | D3: RSA | E3: İç denetim | F3: Mağaza D | G3: =COUNTIFS(Bulgular!$A$2:$A$570,$A3,Bulgular!$F$2:$F$570,"Kritik") -> 1 | H3: =COUNTIFS(Bulgular!$A$2:$A$570,$A3,Bulgular!$F$2:$F$570,"Major") -> 3 | I3: =COUNTIFS(Bulgular!$A$2:$A$570,$A3,Bulgular!$F$2:$F$570,"Minör") -> 0 | J3: =G3*Ayarlar!$B$6+H3*Ayarlar!$B$7+I3*Ayarlar!$B$8 -> 6.5 | K3: =INDEX(Ayarlar!$C$11:$C$13,MATCH(D3,Ayarlar!$A$11:$A$13,0)) -> 91 | L3: =(K3-J3)/K3*100 -> 92.857143 | M3: =INDEX(Ayarlar!$D$11:$D$13,MATCH(D3,Ayarlar!$A$11:$A$13,0)) -> 90 | N3: =IF(L3>=M3,"Geçti","Hedef altı") -> Geçti
A4: D012 | B4: 46045 | C4: Mağaza D | D4: RSA | E4: İç denetim | F4: Mağaza H | G4: =COUNTIFS(Bulgular!$A$2:$A$570,$A4,Bulgular!$F$2:$F$570,"Kritik") -> 0 | H4: =COUNTIFS(Bulgular!$A$2:$A$570,$A4,Bulgular!$F$2:$F$570,"Major") -> 3 | I4: =COUNTIFS(Bulgular!$A$2:$A$570,$A4,Bulgular!$F$2:$F$570,"Minör") -> 0 | J4: =G4*Ayarlar!$B$6+H4*Ayarlar!$B$7+I4*Ayarlar!$B$8 -> 4.5 | K4: =INDEX(Ayarlar!$C$11:$C$13,MATCH(D4,Ayarlar!$A$11:$A$13,0)) -> 91 | L4: =(K4-J4)/K4*100 -> 95.054945 | M4: =INDEX(Ayarlar!$D$11:$D$13,MATCH(D4,Ayarlar!$A$11:$A$13,0)) -> 90 | N4: =IF(L4>=M4,"Geçti","Hedef altı") -> Geçti
A5: D017 | B5: 46045 | C5: Mağaza F | D5: PAP | E5: İç denetim | F5: Mağaza C | G5: =COUNTIFS(Bulgular!$A$2:$A$570,$A5,Bulgular!$F$2:$F$570,"Kritik") -> 3 | H5: =COUNTIFS(Bulgular!$A$2:$A$570,$A5,Bulgular!$F$2:$F$570,"Major") -> 0 | I5: =COUNTIFS(Bulgular!$A$2:$A$570,$A5,Bulgular!$F$2:$F$570,"Minör") -> 0 | J5: =G5*Ayarlar!$B$6+H5*Ayarlar!$B$7+I5*Ayarlar!$B$8 -> 6 | K5: =INDEX(Ayarlar!$C$11:$C$13,MATCH(D5,Ayarlar!$A$11:$A$13,0)) -> 30 | L5: =(K5-J5)/K5*100 -> 80 | M5: =INDEX(Ayarlar!$D$11:$D$13,MATCH(D5,Ayarlar!$A$11:$A$13,0)) -> 85 | N5: =IF(L5>=M5,"Geçti","Hedef altı") -> Hedef altı
A6: D003 | B6: 46049 | C6: Mağaza A | D6: RSA | E6: İç denetim | F6: Mağaza D | G6: =COUNTIFS(Bulgular!$A$2:$A$570,$A6,Bulgular!$F$2:$F$570,"Kritik") -> 1 | H6: =COUNTIFS(Bulgular!$A$2:$A$570,$A6,Bulgular!$F$2:$F$570,"Major") -> 4 | I6: =COUNTIFS(Bulgular!$A$2:$A$570,$A6,Bulgular!$F$2:$F$570,"Minör") -> 0 | J6: =G6*Ayarlar!$B$6+H6*Ayarlar!$B$7+I6*Ayarlar!$B$8 -> 8 | K6: =INDEX(Ayarlar!$C$11:$C$13,MATCH(D6,Ayarlar!$A$11:$A$13,0)) -> 91 | L6: =(K6-J6)/K6*100 -> 91.208791 | M6: =INDEX(Ayarlar!$D$11:$D$13,MATCH(D6,Ayarlar!$A$11:$A$13,0)) -> 90 | N6: =IF(L6>=M6,"Geçti","Hedef altı") -> Geçti
A7: D005 | B7: 46050 | C7: Mağaza B | D7: PAP | E7: İç denetim | F7: Mağaza C | G7: =COUNTIFS(Bulgular!$A$2:$A$570,$A7,Bulgular!$F$2:$F$570,"Kritik") -> 0 | H7: =COUNTIFS(Bulgular!$A$2:$A$570,$A7,Bulgular!$F$2:$F$570,"Major") -> 1 | I7: =COUNTIFS(Bulgular!$A$2:$A$570,$A7,Bulgular!$F$2:$F$570,"Minör") -> 1 | J7: =G7*Ayarlar!$B$6+H7*Ayarlar!$B$7+I7*Ayarlar!$B$8 -> 2.5 | K7: =INDEX(Ayarlar!$C$11:$C$13,MATCH(D7,Ayarlar!$A$11:$A$13,0)) -> 30 | L7: =(K7-J7)/K7*100 -> 91.666667 | M7: =INDEX(Ayarlar!$D$11:$D$13,MATCH(D7,Ayarlar!$A$11:$A$13,0)) -> 85 | N7: =IF(L7>=M7,"Geçti","Hedef altı") -> Geçti
A8: D013 | B8: 46051 | C8: Mağaza E | D8: ASA | E8: İç denetim | F8: Mağaza B | G8: =COUNTIFS(Bulgular!$A$2:$A$570,$A8,Bulgular!$F$2:$F$570,"Kritik") -> 0 | H8: =COUNTIFS(Bulgular!$A$2:$A$570,$A8,Bulgular!$F$2:$F$570,"Major") -> 1 | I8: =COUNTIFS(Bulgular!$A$2:$A$570,$A8,Bulgular!$F$2:$F$570,"Minör") -> 0 | J8: =G8*Ayarlar!$B$6+H8*Ayarlar!$B$7+I8*Ayarlar!$B$8 -> 1.5 | K8: =INDEX(Ayarlar!$C$11:$C$13,MATCH(D8,Ayarlar!$A$11:$A$13,0)) -> 40 | L8: =(K8-J8)/K8*100 -> 96.25 | M8: =INDEX(Ayarlar!$D$11:$D$13,MATCH(D8,Ayarlar!$A$11:$A$13,0)) -> 90 | N8: =IF(L8>=M8,"Geçti","Hedef altı") -> Geçti
A9: D001 | B9: 46052 | C9: Mağaza A | D9: ASA | E9: İç denetim | F9: Mağaza B | G9: =COUNTIFS(Bulgular!$A$2:$A$570,$A9,Bulgular!$F$2:$F$570,"Kritik") -> 0 | H9: =COUNTIFS(Bulgular!$A$2:$A$570,$A9,Bulgular!$F$2:$F$570,"Major") -> 3 | I9: =COUNTIFS(Bulgular!$A$2:$A$570,$A9,Bulgular!$F$2:$F$570,"Minör") -> 1 | J9: =G9*Ayarlar!$B$6+H9*Ayarlar!$B$7+I9*Ayarlar!$B$8 -> 5.5 | K9: =INDEX(Ayarlar!$C$11:$C$13,MATCH(D9,Ayarlar!$A$11:$A$13,0)) -> 40 | L9: =(K9-J9)/K9*100 -> 86.25 | M9: =INDEX(Ayarlar!$D$11:$D$13,MATCH(D9,Ayarlar!$A$11:$A$13,0)) -> 90 | N9: =IF(L9>=M9,"Geçti","Hedef altı") -> Hedef altı
A10: D011 | B10: 46052 | C10: Mağaza D | D10: PAP | E10: İç denetim | F10: Mağaza F | G10: =COUNTIFS(Bulgular!$A$2:$A$570,$A10,Bulgular!$F$2:$F$570,"Kritik") -> 0 | H10: =COUNTIFS(Bulgular!$A$2:$A$570,$A10,Bulgular!$F$2:$F$570,"Major") -> 4 | I10: =COUNTIFS(Bulgular!$A$2:$A$570,$A10,Bulgular!$F$2:$F$570,"Minör") -> 1 | J10: =G10*Ayarlar!$B$6+H10*Ayarlar!$B$7+I10*Ayarlar!$B$8 -> 7 | K10: =INDEX(Ayarlar!$C$11:$C$13,MATCH(D10,Ayarlar!$A$11:$A$13,0)) -> 30 | L10: =(K10-J10)/K10*100 -> 76.666667 | M10: =INDEX(Ayarlar!$D$11:$D$13,MATCH(D10,Ayarlar!$A$11:$A$13,0)) -> 85 | N10: =IF(L10>=M10,"Geçti","Hedef altı") -> Hedef altı
A11: D006 | B11: 46053 | C11: Mağaza B | D11: RSA | E11: İç denetim | F11: Mağaza A | G11: =COUNTIFS(Bulgular!$A$2:$A$570,$A11,Bulgular!$F$2:$F$570,"Kritik") -> 0 | H11: =COUNTIFS(Bulgular!$A$2:$A$570,$A11,Bulgular!$F$2:$F$570,"Major") -> 2 | I11: =COUNTIFS(Bulgular!$A$2:$A$570,$A11,Bulgular!$F$2:$F$570,"Minör") -> 1 | J11: =G11*Ayarlar!$B$6+H11*Ayarlar!$B$7+I11*Ayarlar!$B$8 -> 4 | K11: =INDEX(Ayarlar!$C$11:$C$13,MATCH(D11,Ayarlar!$A$11:$A$13,0)) -> 91 | L11: =(K11-J11)/K11*100 -> 95.604396 | M11: =INDEX(Ayarlar!$D$11:$D$13,MATCH(D11,Ayarlar!$A$11:$A$13,0)) -> 90 | N11: =IF(L11>=M11,"Geçti","Hedef altı") -> Geçti
A12: D022 | B12: 46058 | C12: Mağaza H | D12: ASA | E12: İç denetim | F12: Mağaza G | G12: =COUNTIFS(Bulgular!$A$2:$A$570,$A12,Bulgular!$F$2:$F$570,"Kritik") -> 0 | H12: =COUNTIFS(Bulgular!$A$2:$A$570,$A12,Bulgular!$F$2:$F$570,"Major") -> 5 | I12: =COUNTIFS(Bulgular!$A$2:$A$570,$A12,Bulgular!$F$2:$F$570,"Minör") -> 0 | J12: =G12*Ayarlar!$B$6+H12*Ayarlar!$B$7+I12*Ayarlar!$B$8 -> 7.5 | K12: =INDEX(Ayarlar!$C$11:$C$13,MATCH(D12,Ayarlar!$A$11:$A$13,0)) -> 40 | L12: =(K12-J12)/K12*100 -> 81.25 | M12: =INDEX(Ayarlar!$D$11:$D$13,MATCH(D12,Ayarlar!$A$11:$A$13,0)) -> 90 | N12: =IF(L12>=M12,"Geçti","Hedef altı") -> Hedef altı
A13: D019 | B13: 46059 | C13: Mağaza G | D13: ASA | E13: İç denetim | F13: Mağaza B | G13: =COUNTIFS(Bulgular!$A$2:$A$570,$A13,Bulgular!$F$2:$F$570,"Kritik") -> 0 | H13: =COUNTIFS(Bulgular!$A$2:$A$570,$A13,Bulgular!$F$2:$F$570,"Major") -> 5 | I13: =COUNTIFS(Bulgular!$A$2:$A$570,$A13,Bulgular!$F$2:$F$570,"Minör") -> 1 | J13: =G13*Ayarlar!$B$6+H13*Ayarlar!$B$7+I13*Ayarlar!$B$8 -> 8.5 | K13: =INDEX(Ayarlar!$C$11:$C$13,MATCH(D13,Ayarlar!$A$11:$A$13,0)) -> 40 | L13: =(K13-J13)/K13*100 -> 78.75 | M13: =INDEX(Ayarlar!$D$11:$D$13,MATCH(D13,Ayarlar!$A$11:$A$13,0)) -> 90 | N13: =IF(L13>=M13,"Geçti","Hedef altı") -> Hedef altı
... A86: D060 | B86: 46257 | C86: Mağaza G | D86: PAP | E86: İç denetim | F86: Mağaza C | G86: =COUNTIFS(Bulgular!$A$2:$A$570,$A86,Bulgular!$F$2:$F$570,"Kritik") -> 4 | H86: =COUNTIFS(Bulgular!$A$2:$A$570,$A86,Bulgular!$F$2:$F$570,"Major") -> 0 | I86: =COUNTIFS(Bulgular!$A$2:$A$570,$A86,Bulgular!$F$2:$F$570,"Minör") -> 0 | J86: =G86*Ayarlar!$B$6+H86*Ayarlar!$B$7+I86*Ayarlar!$B$8 -> 8 | K86: =INDEX(Ayarlar!$C$11:$C$13,MATCH(D86,Ayarlar!$A$11:$A$13,0)) -> 30 | L86: =(K86-J86)/K86*100 -> 73.333333 | M86: =INDEX(Ayarlar!$D$11:$D$13,MATCH(D86,Ayarlar!$A$11:$A$13,0)) -> 85 | N86: =IF(L86>=M86,"Geçti","Hedef altı") -> Hedef altı

Sheet Bulgular
A1: Denetim No | B1: Madde Kodu | C1: Açıklama | D1: Madde | E1: Kategori | F1: Önem Derecesi | G1: Eğitim Konusu | H1: Mağaza | I1: Tür | J1: Denetim Tipi | K1: Tarih
A2: D001 | B2: A-3.2 | C2: Örnek bulgu açıklaması | D2: =IF($B2="","",IFERROR(INDEX(Madde_Listesi!$C:$C,MATCH($B2,Madde_Listesi!$B:$B,0)),"Kod yok")) -> Stok sayımı ve sipariş kayıtları tutarlı | E2: =IF($B2="","",IFERROR(INDEX(Madde_Listesi!$D:$D,MATCH($B2,Madde_Listesi!$B:$B,0)),"Kod yok")) -> Stok | F2: =IF($B2="","",IFERROR(INDEX(Madde_Listesi!$E:$E,MATCH($B2,Madde_Listesi!$B:$B,0)),"Kod yok")) -> Major | G2: =IF($B2="","",IFERROR(INDEX(Madde_Listesi!$F:$F,MATCH($B2,Madde_Listesi!$B:$B,0)),"Kod yok")) -> Stok ve sipariş yönetimi | H2: =IF($A2="","",IFERROR(INDEX(Denetimler!$C:$C,MATCH($A2,Denetimler!$A:$A,0)),"No yok")) -> Mağaza A | I2: =IF($A2="","",IFERROR(INDEX(Denetimler!$D:$D,MATCH($A2,Denetimler!$A:$A,0)),"No yok")) -> ASA | J2: =IF($A2="","",IFERROR(INDEX(Denetimler!$E:$E,MATCH($A2,Denetimler!$A:$A,0)),"No yok")) -> İç denetim | K2: =IF($A2="","",IFERROR(INDEX(Denetimler!$B:$B,MATCH($A2,Denetimler!$A:$A,0)),"No yok")) -> 46052
A3: D001 | B3: A-1.1 | C3: Örnek bulgu açıklaması | D3: =IF($B3="","",IFERROR(INDEX(Madde_Listesi!$C:$C,MATCH($B3,Madde_Listesi!$B:$B,0)),"Kod yok")) -> Vardiya planı yoğunluğa uygun hazırlanmış | E3: =IF($B3="","",IFERROR(INDEX(Madde_Listesi!$D:$D,MATCH($B3,Madde_Listesi!$B:$B,0)),"Kod yok")) -> Operasyon | F3: =IF($B3="","",IFERROR(INDEX(Madde_Listesi!$E:$E,MATCH($B3,Madde_Listesi!$B:$B,0)),"Kod yok")) -> Major | G3: =IF($B3="","",IFERROR(INDEX(Madde_Listesi!$F:$F,MATCH($B3,Madde_Listesi!$B:$B,0)),"Kod yok")) -> Vardiya planlama | H3: =IF($A3="","",IFERROR(INDEX(Denetimler!$C:$C,MATCH($A3,Denetimler!$A:$A,0)),"No yok")) -> Mağaza A | I3: =IF($A3="","",IFERROR(INDEX(Denetimler!$D:$D,MATCH($A3,Denetimler!$A:$A,0)),"No yok")) -> ASA | J3: =IF($A3="","",IFERROR(INDEX(Denetimler!$E:$E,MATCH($A3,Denetimler!$A:$A,0)),"No yok")) -> İç denetim | K3: =IF($A3="","",IFERROR(INDEX(Denetimler!$B:$B,MATCH($A3,Denetimler!$A:$A,0)),"No yok")) -> 46052
A4: D001 | B4: A-2.1 | C4: Örnek bulgu açıklaması | D4: =IF($B4="","",IFERROR(INDEX(Madde_Listesi!$C:$C,MATCH($B4,Madde_Listesi!$B:$B,0)),"Kod yok")) -> Salon ve misafir alanı temiz ve düzenli | E4: =IF($B4="","",IFERROR(INDEX(Madde_Listesi!$D:$D,MATCH($B4,Madde_Listesi!$B:$B,0)),"Kod yok")) -> Misafir deneyimi | F4: =IF($B4="","",IFERROR(INDEX(Madde_Listesi!$E:$E,MATCH($B4,Madde_Listesi!$B:$B,0)),"Kod yok")) -> Minör | G4: =IF($B4="","",IFERROR(INDEX(Madde_Listesi!$F:$F,MATCH($B4,Madde_Listesi!$B:$B,0)),"Kod yok")) -> Mağaza standartları | H4: =IF($A4="","",IFERROR(INDEX(Denetimler!$C:$C,MATCH($A4,Denetimler!$A:$A,0)),"No yok")) -> Mağaza A | I4: =IF($A4="","",IFERROR(INDEX(Denetimler!$D:$D,MATCH($A4,Denetimler!$A:$A,0)),"No yok")) -> ASA | J4: =IF($A4="","",IFERROR(INDEX(Denetimler!$E:$E,MATCH($A4,Denetimler!$A:$A,0)),"No yok")) -> İç denetim | K4: =IF($A4="","",IFERROR(INDEX(Denetimler!$B:$B,MATCH($A4,Denetimler!$A:$A,0)),"No yok")) -> 46052
A5: D001 | B5: A-2.2 | C5: Örnek bulgu açıklaması | D5: =IF($B5="","",IFERROR(INDEX(Madde_Listesi!$C:$C,MATCH($B5,Madde_Listesi!$B:$B,0)),"Kod yok")) -> Ürün sunumu marka standartlarına uygun | E5: =IF($B5="","",IFERROR(INDEX(Madde_Listesi!$D:$D,MATCH($B5,Madde_Listesi!$B:$B,0)),"Kod yok")) -> Misafir deneyimi | F5: =IF($B5="","",IFERROR(INDEX(Madde_Listesi!$E:$E,MATCH($B5,Madde_Listesi!$B:$B,0)),"Kod yok")) -> Major | G5: =IF($B5="","",IFERROR(INDEX(Madde_Listesi!$F:$F,MATCH($B5,Madde_Listesi!$B:$B,0)),"Kod yok")) -> Ürün hazırlama standartları | H5: =IF($A5="","",IFERROR(INDEX(Denetimler!$C:$C,MATCH($A5,Denetimler!$A:$A,0)),"No yok")) -> Mağaza A | I5: =IF($A5="","",IFERROR(INDEX(Denetimler!$D:$D,MATCH($A5,Denetimler!$A:$A,0)),"No yok")) -> ASA | J5: =IF($A5="","",IFERROR(INDEX(Denetimler!$E:$E,MATCH($A5,Denetimler!$A:$A,0)),"No yok")) -> İç denetim | K5: =IF($A5="","",IFERROR(INDEX(Denetimler!$B:$B,MATCH($A5,Denetimler!$A:$A,0)),"No yok")) -> 46052
A6: D003 | B6: R-4.3 | C6: Örnek bulgu açıklaması | D6: =IF($B6="","",IFERROR(INDEX(Madde_Listesi!$C:$C,MATCH($B6,Madde_Listesi!$B:$B,0)),"Kod yok")) -> Kimyasallar etiketli ve gıdadan ayrı saklanıyor | E6: =IF($B6="","",IFERROR(INDEX(Madde_Listesi!$D:$D,MATCH($B6,Madde_Listesi!$B:$B,0)),"Kod yok")) -> Bulaşma | F6: =IF($B6="","",IFERROR(INDEX(Madde_Listesi!$E:$E,MATCH($B6,Madde_Listesi!$B:$B,0)),"Kod yok")) -> Major | G6: =IF($B6="","",IFERROR(INDEX(Madde_Listesi!$F:$F,MATCH($B6,Madde_Listesi!$B:$B,0)),"Kod yok")) -> Kimyasal güvenliği | H6: =IF($A6="","",IFERROR(INDEX(Denetimler!$C:$C,MATCH($A6,Denetimler!$A:$A,0)),"No yok")) -> Mağaza A | I6: =IF($A6="","",IFERROR(INDEX(Denetimler!$D:$D,MATCH($A6,Denetimler!$A:$A,0)),"No yok")) -> RSA | J6: =IF($A6="","",IFERROR(INDEX(Denetimler!$E:$E,MATCH($A6,Denetimler!$A:$A,0)),"No yok")) -> İç denetim | K6: =IF($A6="","",IFERROR(INDEX(Denetimler!$B:$B,MATCH($A6,Denetimler!$A:$A,0)),"No yok")) -> 46049
A7: D003 | B7: R-3.1 | C7: Örnek bulgu açıklaması | D7: =IF($B7="","",IFERROR(INDEX(Madde_Listesi!$C:$C,MATCH($B7,Madde_Listesi!$B:$B,0)),"Kod yok")) -> Haşere girişini önleyen önlemler yerinde | E7: =IF($B7="","",IFERROR(INDEX(Madde_Listesi!$D:$D,MATCH($B7,Madde_Listesi!$B:$B,0)),"Kod yok")) -> Haşere | F7: =IF($B7="","",IFERROR(INDEX(Madde_Listesi!$E:$E,MATCH($B7,Madde_Listesi!$B:$B,0)),"Kod yok")) -> Major | G7: =IF($B7="","",IFERROR(INDEX(Madde_Listesi!$F:$F,MATCH($B7,Madde_Listesi!$B:$B,0)),"Kod yok")) -> Haşere önleme | H7: =IF($A7="","",IFERROR(INDEX(Denetimler!$C:$C,MATCH($A7,Denetimler!$A:$A,0)),"No yok")) -> Mağaza A | I7: =IF($A7="","",IFERROR(INDEX(Denetimler!$D:$D,MATCH($A7,Denetimler!$A:$A,0)),"No yok")) -> RSA | J7: =IF($A7="","",IFERROR(INDEX(Denetimler!$E:$E,MATCH($A7,Denetimler!$A:$A,0)),"No yok")) -> İç denetim | K7: =IF($A7="","",IFERROR(INDEX(Denetimler!$B:$B,MATCH($A7,Denetimler!$A:$A,0)),"No yok")) -> 46049
A8: D003 | B8: R-4.2 | C8: Örnek bulgu açıklaması | D8: =IF($B8="","",IFERROR(INDEX(Madde_Listesi!$C:$C,MATCH($B8,Madde_Listesi!$B:$B,0)),"Kod yok")) -> Gıdayla temas eden yüzeyler temiz ve dezenfekte | E8: =IF($B8="","",IFERROR(INDEX(Madde_Listesi!$D:$D,MATCH($B8,Madde_Listesi!$B:$B,0)),"Kod yok")) -> Bulaşma | F8: =IF($B8="","",IFERROR(INDEX(Madde_Listesi!$E:$E,MATCH($B8,Madde_Listesi!$B:$B,0)),"Kod yok")) -> Major | G8: =IF($B8="","",IFERROR(INDEX(Madde_Listesi!$F:$F,MATCH($B8,Madde_Listesi!$B:$B,0)),"Kod yok")) -> Temizlik ve dezenfeksiyon | H8: =IF($A8="","",IFERROR(INDEX(Denetimler!$C:$C,MATCH($A8,Denetimler!$A:$A,0)),"No yok")) -> Mağaza A | I8: =IF($A8="","",IFERROR(INDEX(Denetimler!$D:$D,MATCH($A8,Denetimler!$A:$A,0)),"No yok")) -> RSA | J8: =IF($A8="","",IFERROR(INDEX(Denetimler!$E:$E,MATCH($A8,Denetimler!$A:$A,0)),"No yok")) -> İç denetim | K8: =IF($A8="","",IFERROR(INDEX(Denetimler!$B:$B,MATCH($A8,Denetimler!$A:$A,0)),"No yok")) -> 46049
A9: D003 | B9: R-2.1 | C9: Örnek bulgu açıklaması | D9: =IF($B9="","",IFERROR(INDEX(Madde_Listesi!$C:$C,MATCH($B9,Madde_Listesi!$B:$B,0)),"Kod yok")) -> Soğutucular uygun sıcaklıkta | E9: =IF($B9="","",IFERROR(INDEX(Madde_Listesi!$D:$D,MATCH($B9,Madde_Listesi!$B:$B,0)),"Kod yok")) -> Sıcaklık | F9: =IF($B9="","",IFERROR(INDEX(Madde_Listesi!$E:$E,MATCH($B9,Madde_Listesi!$B:$B,0)),"Kod yok")) -> Kritik | G9: =IF($B9="","",IFERROR(INDEX(Madde_Listesi!$F:$F,MATCH($B9,Madde_Listesi!$B:$B,0)),"Kod yok")) -> Soğuk zincir ve sıcaklık kontrolü | H9: =IF($A9="","",IFERROR(INDEX(Denetimler!$C:$C,MATCH($A9,Denetimler!$A:$A,0)),"No yok")) -> Mağaza A | I9: =IF($A9="","",IFERROR(INDEX(Denetimler!$D:$D,MATCH($A9,Denetimler!$A:$A,0)),"No yok")) -> RSA | J9: =IF($A9="","",IFERROR(INDEX(Denetimler!$E:$E,MATCH($A9,Denetimler!$A:$A,0)),"No yok")) -> İç denetim | K9: =IF($A9="","",IFERROR(INDEX(Denetimler!$B:$B,MATCH($A9,Denetimler!$A:$A,0)),"No yok")) -> 46049
A10: D003 | B10: R-2.2 | C10: Örnek bulgu açıklaması | D10: =IF($B10="","",IFERROR(INDEX(Madde_Listesi!$C:$C,MATCH($B10,Madde_Listesi!$B:$B,0)),"Kod yok")) -> Sıcaklık kayıtları tam ve zamanında tutulmuş | E10: =IF($B10="","",IFERROR(INDEX(Madde_Listesi!$D:$D,MATCH($B10,Madde_Listesi!$B:$B,0)),"Kod yok")) -> Sıcaklık | F10: =IF($B10="","",IFERROR(INDEX(Madde_Listesi!$E:$E,MATCH($B10,Madde_Listesi!$B:$B,0)),"Kod yok")) -> Major | G10: =IF($B10="","",IFERROR(INDEX(Madde_Listesi!$F:$F,MATCH($B10,Madde_Listesi!$B:$B,0)),"Kod yok")) -> Soğuk zincir ve sıcaklık kontrolü | H10: =IF($A10="","",IFERROR(INDEX(Denetimler!$C:$C,MATCH($A10,Denetimler!$A:$A,0)),"No yok")) -> Mağaza A | I10: =IF($A10="","",IFERROR(INDEX(Denetimler!$D:$D,MATCH($A10,Denetimler!$A:$A,0)),"No yok")) -> RSA | J10: =IF($A10="","",IFERROR(INDEX(Denetimler!$E:$E,MATCH($A10,Denetimler!$A:$A,0)),"No yok")) -> İç denetim | K10: =IF($A10="","",IFERROR(INDEX(Denetimler!$B:$B,MATCH($A10,Denetimler!$A:$A,0)),"No yok")) -> 46049
A11: D004 | B11: A-2.1 | C11: Örnek bulgu açıklaması | D11: =IF($B11="","",IFERROR(INDEX(Madde_Listesi!$C:$C,MATCH($B11,Madde_Listesi!$B:$B,0)),"Kod yok")) -> Salon ve misafir alanı temiz ve düzenli | E11: =IF($B11="","",IFERROR(INDEX(Madde_Listesi!$D:$D,MATCH($B11,Madde_Listesi!$B:$B,0)),"Kod yok")) -> Misafir deneyimi | F11: =IF($B11="","",IFERROR(INDEX(Madde_Listesi!$E:$E,MATCH($B11,Madde_Listesi!$B:$B,0)),"Kod yok")) -> Minör | G11: =IF($B11="","",IFERROR(INDEX(Madde_Listesi!$F:$F,MATCH($B11,Madde_Listesi!$B:$B,0)),"Kod yok")) -> Mağaza standartları | H11: =IF($A11="","",IFERROR(INDEX(Denetimler!$C:$C,MATCH($A11,Denetimler!$A:$A,0)),"No yok")) -> Mağaza B | I11: =IF($A11="","",IFERROR(INDEX(Denetimler!$D:$D,MATCH($A11,Denetimler!$A:$A,0)),"No yok")) -> ASA | J11: =IF($A11="","",IFERROR(INDEX(Denetimler!$E:$E,MATCH($A11,Denetimler!$A:$A,0)),"No yok")) -> İç denetim | K11: =IF($A11="","",IFERROR(INDEX(Denetimler!$B:$B,MATCH($A11,Denetimler!$A:$A,0)),"No yok")) -> 46042
A12: D004 | B12: A-3.1 | C12: Örnek bulgu açıklaması | D12: =IF($B12="","",IFERROR(INDEX(Madde_Listesi!$C:$C,MATCH($B12,Madde_Listesi!$B:$B,0)),"Kod yok")) -> Ekipman bakım kayıtları güncel | E12: =IF($B12="","",IFERROR(INDEX(Madde_Listesi!$D:$D,MATCH($B12,Madde_Listesi!$B:$B,0)),"Kod yok")) -> Ekipman | F12: =IF($B12="","",IFERROR(INDEX(Madde_Listesi!$E:$E,MATCH($B12,Madde_Listesi!$B:$B,0)),"Kod yok")) -> Minör | G12: =IF($B12="","",IFERROR(INDEX(Madde_Listesi!$F:$F,MATCH($B12,Madde_Listesi!$B:$B,0)),"Kod yok")) -> Ekipman bakımı | H12: =IF($A12="","",IFERROR(INDEX(Denetimler!$C:$C,MATCH($A12,Denetimler!$A:$A,0)),"No yok")) -> Mağaza B | I12: =IF($A12="","",IFERROR(INDEX(Denetimler!$D:$D,MATCH($A12,Denetimler!$A:$A,0)),"No yok")) -> ASA | J12: =IF($A12="","",IFERROR(INDEX(Denetimler!$E:$E,MATCH($A12,Denetimler!$A:$A,0)),"No yok")) -> İç denetim | K12: =IF($A12="","",IFERROR(INDEX(Denetimler!$B:$B,MATCH($A12,Denetimler!$A:$A,0)),"No yok")) -> 46042
A13: D004 | B13: A-1.1 | C13: Örnek bulgu açıklaması | D13: =IF($B13="","",IFERROR(INDEX(Madde_Listesi!$C:$C,MATCH($B13,Madde_Listesi!$B:$B,0)),"Kod yok")) -> Vardiya planı yoğunluğa uygun hazırlanmış | E13: =IF($B13="","",IFERROR(INDEX(Madde_Listesi!$D:$D,MATCH($B13,Madde_Listesi!$B:$B,0)),"Kod yok")) -> Operasyon | F13: =IF($B13="","",IFERROR(INDEX(Madde_Listesi!$E:$E,MATCH($B13,Madde_Listesi!$B:$B,0)),"Kod yok")) -> Major | G13: =IF($B13="","",IFERROR(INDEX(Madde_Listesi!$F:$F,MATCH($B13,Madde_Listesi!$B:$B,0)),"Kod yok")) -> Vardiya planlama | H13: =IF($A13="","",IFERROR(INDEX(Denetimler!$C:$C,MATCH($A13,Denetimler!$A:$A,0)),"No yok")) -> Mağaza B | I13: =IF($A13="","",IFERROR(INDEX(Denetimler!$D:$D,MATCH($A13,Denetimler!$A:$A,0)),"No yok")) -> ASA | J13: =IF($A13="","",IFERROR(INDEX(Denetimler!$E:$E,MATCH($A13,Denetimler!$A:$A,0)),"No yok")) -> İç denetim | K13: =IF($A13="","",IFERROR(INDEX(Denetimler!$B:$B,MATCH($A13,Denetimler!$A:$A,0)),"No yok")) -> 46042
... A270: D085 | B270: R-4.1 | C270: Örnek bulgu açıklaması | D270: =IF($B270="","",IFERROR(INDEX(Madde_Listesi!$C:$C,MATCH($B270,Madde_Listesi!$B:$B,0)),"Kod yok")) -> Ürünlerin son kullanma tarihleri geçerli ve etiketli | E270: =IF($B270="","",IFERROR(INDEX(Madde_Listesi!$D:$D,MATCH($B270,Madde_Listesi!$B:$B,0)),"Kod yok")) -> Bulaşma | F270: =IF($B270="","",IFERROR(INDEX(Madde_Listesi!$E:$E,MATCH($B270,Madde_Listesi!$B:$B,0)),"Kod yok")) -> Kritik | G270: =IF($B270="","",IFERROR(INDEX(Madde_Listesi!$F:$F,MATCH($B270,Madde_Listesi!$B:$B,0)),"Kod yok")) -> Ürün tarihleme ve etiketleme | H270: =IF($A270="","",IFERROR(INDEX(Denetimler!$C:$C,MATCH($A270,Denetimler!$A:$A,0)),"No yok")) -> Mağaza H | I270: =IF($A270="","",IFERROR(INDEX(Denetimler!$D:$D,MATCH($A270,Denetimler!$A:$A,0)),"No yok")) -> RSA | J270: =IF($A270="","",IFERROR(INDEX(Denetimler!$E:$E,MATCH($A270,Denetimler!$A:$A,0)),"No yok")) -> Esas denetim | K270: =IF($A270="","",IFERROR(INDEX(Denetimler!$B:$B,MATCH($A270,Denetimler!$A:$A,0)),"No yok")) -> 46083
D271: =IF($B271="","",IFERROR(INDEX(Madde_Listesi!$C:$C,MATCH($B271,Madde_Listesi!$B:$B,0)),"Kod yok")) | E271: =IF($B271="","",IFERROR(INDEX(Madde_Listesi!$D:$D,MATCH($B271,Madde_Listesi!$B:$B,0)),"Kod yok")) | F271: =IF($B271="","",IFERROR(INDEX(Madde_Listesi!$E:$E,MATCH($B271,Madde_Listesi!$B:$B,0)),"Kod yok")) | G271: =IF($B271="","",IFERROR(INDEX(Madde_Listesi!$F:$F,MATCH($B271,Madde_Listesi!$B:$B,0)),"Kod yok")) | H271: =IF($A271="","",IFERROR(INDEX(Denetimler!$C:$C,MATCH($A271,Denetimler!$A:$A,0)),"No yok")) | I271: =IF($A271="","",IFERROR(INDEX(Denetimler!$D:$D,MATCH($A271,Denetimler!$A:$A,0)),"No yok")) | J271: =IF($A271="","",IFERROR(INDEX(Denetimler!$E:$E,MATCH($A271,Denetimler!$A:$A,0)),"No yok")) | K271: =IF($A271="","",IFERROR(INDEX(Denetimler!$B:$B,MATCH($A271,Denetimler!$A:$A,0)),"No yok"))
D272: =IF($B272="","",IFERROR(INDEX(Madde_Listesi!$C:$C,MATCH($B272,Madde_Listesi!$B:$B,0)),"Kod yok")) | E272: =IF($B272="","",IFERROR(INDEX(Madde_Listesi!$D:$D,MATCH($B272,Madde_Listesi!$B:$B,0)),"Kod yok")) | F272: =IF($B272="","",IFERROR(INDEX(Madde_Listesi!$E:$E,MATCH($B272,Madde_Listesi!$B:$B,0)),"Kod yok")) | G272: =IF($B272="","",IFERROR(INDEX(Madde_Listesi!$F:$F,MATCH($B272,Madde_Listesi!$B:$B,0)),"Kod yok")) | H272: =IF($A272="","",IFERROR(INDEX(Denetimler!$C:$C,MATCH($A272,Denetimler!$A:$A,0)),"No yok")) | I272: =IF($A272="","",IFERROR(INDEX(Denetimler!$D:$D,MATCH($A272,Denetimler!$A:$A,0)),"No yok")) | J272: =IF($A272="","",IFERROR(INDEX(Denetimler!$E:$E,MATCH($A272,Denetimler!$A:$A,0)),"No yok")) | K272: =IF($A272="","",IFERROR(INDEX(Denetimler!$B:$B,MATCH($A272,Denetimler!$A:$A,0)),"No yok"))
D273: =IF($B273="","",IFERROR(INDEX(Madde_Listesi!$C:$C,MATCH($B273,Madde_Listesi!$B:$B,0)),"Kod yok")) | E273: =IF($B273="","",IFERROR(INDEX(Madde_Listesi!$D:$D,MATCH($B273,Madde_Listesi!$B:$B,0)),"Kod yok")) | F273: =IF($B273="","",IFERROR(INDEX(Madde_Listesi!$E:$E,MATCH($B273,Madde_Listesi!$B:$B,0)),"Kod yok")) | G273: =IF($B273="","",IFERROR(INDEX(Madde_Listesi!$F:$F,MATCH($B273,Madde_Listesi!$B:$B,0)),"Kod yok")) | H273: =IF($A273="","",IFERROR(INDEX(Denetimler!$C:$C,MATCH($A273,Denetimler!$A:$A,0)),"No yok")) | I273: =IF($A273="","",IFERROR(INDEX(Denetimler!$D:$D,MATCH($A273,Denetimler!$A:$A,0)),"No yok")) | J273: =IF($A273="","",IFERROR(INDEX(Denetimler!$E:$E,MATCH($A273,Denetimler!$A:$A,0)),"No yok")) | K273: =IF($A273="","",IFERROR(INDEX(Denetimler!$B:$B,MATCH($A273,Denetimler!$A:$A,0)),"No yok"))
D274: =IF($B274="","",IFERROR(INDEX(Madde_Listesi!$C:$C,MATCH($B274,Madde_Listesi!$B:$B,0)),"Kod yok")) | E274: =IF($B274="","",IFERROR(INDEX(Madde_Listesi!$D:$D,MATCH($B274,Madde_Listesi!$B:$B,0)),"Kod yok")) | F274: =IF($B274="","",IFERROR(INDEX(Madde_Listesi!$E:$E,MATCH($B274,Madde_Listesi!$B:$B,0)),"Kod yok")) | G274: =IF($B274="","",IFERROR(INDEX(Madde_Listesi!$F:$F,MATCH($B274,Madde_Listesi!$B:$B,0)),"Kod yok")) | H274: =IF($A274="","",IFERROR(INDEX(Denetimler!$C:$C,MATCH($A274,Denetimler!$A:$A,0)),"No yok")) | I274: =IF($A274="","",IFERROR(INDEX(Denetimler!$D:$D,MATCH($A274,Denetimler!$A:$A,0)),"No yok")) | J274: =IF($A274="","",IFERROR(INDEX(Denetimler!$E:$E,MATCH($A274,Denetimler!$A:$A,0)),"No yok")) | K274: =IF($A274="","",IFERROR(INDEX(Denetimler!$B:$B,MATCH($A274,Denetimler!$A:$A,0)),"No yok"))
D275: =IF($B275="","",IFERROR(INDEX(Madde_Listesi!$C:$C,MATCH($B275,Madde_Listesi!$B:$B,0)),"Kod yok")) | E275: =IF($B275="","",IFERROR(INDEX(Madde_Listesi!$D:$D,MATCH($B275,Madde_Listesi!$B:$B,0)),"Kod yok")) | F275: =IF($B275="","",IFERROR(INDEX(Madde_Listesi!$E:$E,MATCH($B275,Madde_Listesi!$B:$B,0)),"Kod yok")) | G275: =IF($B275="","",IFERROR(INDEX(Madde_Listesi!$F:$F,MATCH($B275,Madde_Listesi!$B:$B,0)),"Kod yok")) | H275: =IF($A275="","",IFERROR(INDEX(Denetimler!$C:$C,MATCH($A275,Denetimler!$A:$A,0)),"No yok")) | I275: =IF($A275="","",IFERROR(INDEX(Denetimler!$D:$D,MATCH($A275,Denetimler!$A:$A,0)),"No yok")) | J275: =IF($A275="","",IFERROR(INDEX(Denetimler!$E:$E,MATCH($A275,Denetimler!$A:$A,0)),"No yok")) | K275: =IF($A275="","",IFERROR(INDEX(Denetimler!$B:$B,MATCH($A275,Denetimler!$A:$A,0)),"No yok"))
D276: =IF($B276="","",IFERROR(INDEX(Madde_Listesi!$C:$C,MATCH($B276,Madde_Listesi!$B:$B,0)),"Kod yok")) | E276: =IF($B276="","",IFERROR(INDEX(Madde_Listesi!$D:$D,MATCH($B276,Madde_Listesi!$B:$B,0)),"Kod yok")) | F276: =IF($B276="","",IFERROR(INDEX(Madde_Listesi!$E:$E,MATCH($B276,Madde_Listesi!$B:$B,0)),"Kod yok")) | G276: =IF($B276="","",IFERROR(INDEX(Madde_Listesi!$F:$F,MATCH($B276,Madde_Listesi!$B:$B,0)),"Kod yok")) | H276: =IF($A276="","",IFERROR(INDEX(Denetimler!$C:$C,MATCH($A276,Denetimler!$A:$A,0)),"No yok")) | I276: =IF($A276="","",IFERROR(INDEX(Denetimler!$D:$D,MATCH($A276,Denetimler!$A:$A,0)),"No yok")) | J276: =IF($A276="","",IFERROR(INDEX(Denetimler!$E:$E,MATCH($A276,Denetimler!$A:$A,0)),"No yok")) | K276: =IF($A276="","",IFERROR(INDEX(Denetimler!$B:$B,MATCH($A276,Denetimler!$A:$A,0)),"No yok"))
D277: =IF($B277="","",IFERROR(INDEX(Madde_Listesi!$C:$C,MATCH($B277,Madde_Listesi!$B:$B,0)),"Kod yok")) | E277: =IF($B277="","",IFERROR(INDEX(Madde_Listesi!$D:$D,MATCH($B277,Madde_Listesi!$B:$B,0)),"Kod yok")) | F277: =IF($B277="","",IFERROR(INDEX(Madde_Listesi!$E:$E,MATCH($B277,Madde_Listesi!$B:$B,0)),"Kod yok")) | G277: =IF($B277="","",IFERROR(INDEX(Madde_Listesi!$F:$F,MATCH($B277,Madde_Listesi!$B:$B,0)),"Kod yok")) | H277: =IF($A277="","",IFERROR(INDEX(Denetimler!$C:$C,MATCH($A277,Denetimler!$A:$A,0)),"No yok")) | I277: =IF($A277="","",IFERROR(INDEX(Denetimler!$D:$D,MATCH($A277,Denetimler!$A:$A,0)),"No yok")) | J277: =IF($A277="","",IFERROR(INDEX(Denetimler!$E:$E,MATCH($A277,Denetimler!$A:$A,0)),"No yok")) | K277: =IF($A277="","",IFERROR(INDEX(Denetimler!$B:$B,MATCH($A277,Denetimler!$A:$A,0)),"No yok"))
D278: =IF($B278="","",IFERROR(INDEX(Madde_Listesi!$C:$C,MATCH($B278,Madde_Listesi!$B:$B,0)),"Kod yok")) | E278: =IF($B278="","",IFERROR(INDEX(Madde_Listesi!$D:$D,MATCH($B278,Madde_Listesi!$B:$B,0)),"Kod yok")) | F278: =IF($B278="","",IFERROR(INDEX(Madde_Listesi!$E:$E,MATCH($B278,Madde_Listesi!$B:$B,0)),"Kod yok")) | G278: =IF($B278="","",IFERROR(INDEX(Madde_Listesi!$F:$F,MATCH($B278,Madde_Listesi!$B:$B,0)),"Kod yok")) | H278: =IF($A278="","",IFERROR(INDEX(Denetimler!$C:$C,MATCH($A278,Denetimler!$A:$A,0)),"No yok")) | I278: =IF($A278="","",IFERROR(INDEX(Denetimler!$D:$D,MATCH($A278,Denetimler!$A:$A,0)),"No yok")) | J278: =IF($A278="","",IFERROR(INDEX(Denetimler!$E:$E,MATCH($A278,Denetimler!$A:$A,0)),"No yok")) | K278: =IF($A278="","",IFERROR(INDEX(Denetimler!$B:$B,MATCH($A278,Denetimler!$A:$A,0)),"No yok"))
D279: =IF($B279="","",IFERROR(INDEX(Madde_Listesi!$C:$C,MATCH($B279,Madde_Listesi!$B:$B,0)),"Kod yok")) | E279: =IF($B279="","",IFERROR(INDEX(Madde_Listesi!$D:$D,MATCH($B279,Madde_Listesi!$B:$B,0)),"Kod yok")) | F279: =IF($B279="","",IFERROR(INDEX(Madde_Listesi!$E:$E,MATCH($B279,Madde_Listesi!$B:$B,0)),"Kod yok")) | G279: =IF($B279="","",IFERROR(INDEX(Madde_Listesi!$F:$F,MATCH($B279,Madde_Listesi!$B:$B,0)),"Kod yok")) | H279: =IF($A279="","",IFERROR(INDEX(Denetimler!$C:$C,MATCH($A279,Denetimler!$A:$A,0)),"No yok")) | I279: =IF($A279="","",IFERROR(INDEX(Denetimler!$D:$D,MATCH($A279,Denetimler!$A:$A,0)),"No yok")) | J279: =IF($A279="","",IFERROR(INDEX(Denetimler!$E:$E,MATCH($A279,Denetimler!$A:$A,0)),"No yok")) | K279: =IF($A279="","",IFERROR(INDEX(Denetimler!$B:$B,MATCH($A279,Denetimler!$A:$A,0)),"No yok"))
D280: =IF($B280="","",IFERROR(INDEX(Madde_Listesi!$C:$C,MATCH($B280,Madde_Listesi!$B:$B,0)),"Kod yok")) | E280: =IF($B280="","",IFERROR(INDEX(Madde_Listesi!$D:$D,MATCH($B280,Madde_Listesi!$B:$B,0)),"Kod yok")) | F280: =IF($B280="","",IFERROR(INDEX(Madde_Listesi!$E:$E,MATCH($B280,Madde_Listesi!$B:$B,0)),"Kod yok")) | G280: =IF($B280="","",IFERROR(INDEX(Madde_Listesi!$F:$F,MATCH($B280,Madde_Listesi!$B:$B,0)),"Kod yok")) | H280: =IF($A280="","",IFERROR(INDEX(Denetimler!$C:$C,MATCH($A280,Denetimler!$A:$A,0)),"No yok")) | I280: =IF($A280="","",IFERROR(INDEX(Denetimler!$D:$D,MATCH($A280,Denetimler!$A:$A,0)),"No yok")) | J280: =IF($A280="","",IFERROR(INDEX(Denetimler!$E:$E,MATCH($A280,Denetimler!$A:$A,0)),"No yok")) | K280: =IF($A280="","",IFERROR(INDEX(Denetimler!$B:$B,MATCH($A280,Denetimler!$A:$A,0)),"No yok"))
D281: =IF($B281="","",IFERROR(INDEX(Madde_Listesi!$C:$C,MATCH($B281,Madde_Listesi!$B:$B,0)),"Kod yok")) | E281: =IF($B281="","",IFERROR(INDEX(Madde_Listesi!$D:$D,MATCH($B281,Madde_Listesi!$B:$B,0)),"Kod yok")) | F281: =IF($B281="","",IFERROR(INDEX(Madde_Listesi!$E:$E,MATCH($B281,Madde_Listesi!$B:$B,0)),"Kod yok")) | G281: =IF($B281="","",IFERROR(INDEX(Madde_Listesi!$F:$F,MATCH($B281,Madde_Listesi!$B:$B,0)),"Kod yok")) | H281: =IF($A281="","",IFERROR(INDEX(Denetimler!$C:$C,MATCH($A281,Denetimler!$A:$A,0)),"No yok")) | I281: =IF($A281="","",IFERROR(INDEX(Denetimler!$D:$D,MATCH($A281,Denetimler!$A:$A,0)),"No yok")) | J281: =IF($A281="","",IFERROR(INDEX(Denetimler!$E:$E,MATCH($A281,Denetimler!$A:$A,0)),"No yok")) | K281: =IF($A281="","",IFERROR(INDEX(Denetimler!$B:$B,MATCH($A281,Denetimler!$A:$A,0)),"No yok"))
D282: =IF($B282="","",IFERROR(INDEX(Madde_Listesi!$C:$C,MATCH($B282,Madde_Listesi!$B:$B,0)),"Kod yok")) | E282: =IF($B282="","",IFERROR(INDEX(Madde_Listesi!$D:$D,MATCH($B282,Madde_Listesi!$B:$B,0)),"Kod yok")) | F282: =IF($B282="","",IFERROR(INDEX(Madde_Listesi!$E:$E,MATCH($B282,Madde_Listesi!$B:$B,0)),"Kod yok")) | G282: =IF($B282="","",IFERROR(INDEX(Madde_Listesi!$F:$F,MATCH($B282,Madde_Listesi!$B:$B,0)),"Kod yok")) | H282: =IF($A282="","",IFERROR(INDEX(Denetimler!$C:$C,MATCH($A282,Denetimler!$A:$A,0)),"No yok")) | I282: =IF($A282="","",IFERROR(INDEX(Denetimler!$D:$D,MATCH($A282,Denetimler!$A:$A,0)),"No yok")) | J282: =IF($A282="","",IFERROR(INDEX(Denetimler!$E:$E,MATCH($A282,Denetimler!$A:$A,0)),"No yok")) | K282: =IF($A282="","",IFERROR(INDEX(Denetimler!$B:$B,MATCH($A282,Denetimler!$A:$A,0)),"No yok"))
... D570: =IF($B570="","",IFERROR(INDEX(Madde_Listesi!$C:$C,MATCH($B570,Madde_Listesi!$B:$B,0)),"Kod yok")) | E570: =IF($B570="","",IFERROR(INDEX(Madde_Listesi!$D:$D,MATCH($B570,Madde_Listesi!$B:$B,0)),"Kod yok")) | F570: =IF($B570="","",IFERROR(INDEX(Madde_Listesi!$E:$E,MATCH($B570,Madde_Listesi!$B:$B,0)),"Kod yok")) | G570: =IF($B570="","",IFERROR(INDEX(Madde_Listesi!$F:$F,MATCH($B570,Madde_Listesi!$B:$B,0)),"Kod yok")) | H570: =IF($A570="","",IFERROR(INDEX(Denetimler!$C:$C,MATCH($A570,Denetimler!$A:$A,0)),"No yok")) | I570: =IF($A570="","",IFERROR(INDEX(Denetimler!$D:$D,MATCH($A570,Denetimler!$A:$A,0)),"No yok")) | J570: =IF($A570="","",IFERROR(INDEX(Denetimler!$E:$E,MATCH($A570,Denetimler!$A:$A,0)),"No yok")) | K570: =IF($A570="","",IFERROR(INDEX(Denetimler!$B:$B,MATCH($A570,Denetimler!$A:$A,0)),"No yok"))

Sheet DOF_Takip
A1: Denetim No | B1: Madde Kodu | C1: Mağaza | D1: Madde | E1: Önem | F1: Düzeltici / Önleyici Faaliyet | G1: Sorumlu | H1: Termin | I1: Kapanış Tarihi | J1: Durum | K1: Gecikme (gün)
A2: D001 | B2: A-3.2 | C2: =IFERROR(INDEX(Denetimler!$C:$C,MATCH(A2,Denetimler!$A:$A,0)),"") -> Mağaza A | D2: =IFERROR(INDEX(Madde_Listesi!$C:$C,MATCH(B2,Madde_Listesi!$B:$B,0)),"") -> Stok sayımı ve sipariş kayıtları tutarlı | E2: =IFERROR(INDEX(Madde_Listesi!$E:$E,MATCH(B2,Madde_Listesi!$B:$B,0)),"") -> Major | F2: Haftalık sayım kontrolü müdür yardımcısına verildi | G2: Müdür yardımcısı | H2: 46073 | I2: 46073 | J2: =IF(A2="","",IF(I2<>"",IF(I2<=H2,"Kapandı","Geç kapandı"),IF(H2<Ayarlar!$B$3,"Gecikmiş","Açık"))) -> Kapandı | K2: =IF(A2="","",IF(I2<>"",MAX(0,I2-H2),MAX(0,Ayarlar!$B$3-H2))) -> 0
A3: D001 | B3: A-1.1 | C3: =IFERROR(INDEX(Denetimler!$C:$C,MATCH(A3,Denetimler!$A:$A,0)),"") -> Mağaza A | D3: =IFERROR(INDEX(Madde_Listesi!$C:$C,MATCH(B3,Madde_Listesi!$B:$B,0)),"") -> Vardiya planı yoğunluğa uygun hazırlanmış | E3: =IFERROR(INDEX(Madde_Listesi!$E:$E,MATCH(B3,Madde_Listesi!$B:$B,0)),"") -> Major | F3: Vardiya planı yoğunluk raporuna göre yeniden kuruldu | G3: Vardiya sorumlusu | H3: 46073 | I3: 46077 | J3: =IF(A3="","",IF(I3<>"",IF(I3<=H3,"Kapandı","Geç kapandı"),IF(H3<Ayarlar!$B$3,"Gecikmiş","Açık"))) -> Geç kapandı | K3: =IF(A3="","",IF(I3<>"",MAX(0,I3-H3),MAX(0,Ayarlar!$B$3-H3))) -> 4
A4: D003 | B4: R-4.3 | C4: =IFERROR(INDEX(Denetimler!$C:$C,MATCH(A4,Denetimler!$A:$A,0)),"") -> Mağaza A | D4: =IFERROR(INDEX(Madde_Listesi!$C:$C,MATCH(B4,Madde_Listesi!$B:$B,0)),"") -> Kimyasallar etiketli ve gıdadan ayrı saklanıyor | E4: =IFERROR(INDEX(Madde_Listesi!$E:$E,MATCH(B4,Madde_Listesi!$B:$B,0)),"") -> Major | F4: Kimyasal dolabı ayrıldı, etiketler yenilendi | G4: Vardiya sorumlusu | H4: 46070 | I4: 46074 | J4: =IF(A4="","",IF(I4<>"",IF(I4<=H4,"Kapandı","Geç kapandı"),IF(H4<Ayarlar!$B$3,"Gecikmiş","Açık"))) -> Geç kapandı | K4: =IF(A4="","",IF(I4<>"",MAX(0,I4-H4),MAX(0,Ayarlar!$B$3-H4))) -> 4
A5: D003 | B5: R-2.2 | C5: =IFERROR(INDEX(Denetimler!$C:$C,MATCH(A5,Denetimler!$A:$A,0)),"") -> Mağaza A | D5: =IFERROR(INDEX(Madde_Listesi!$C:$C,MATCH(B5,Madde_Listesi!$B:$B,0)),"") -> Sıcaklık kayıtları tam ve zamanında tutulmuş | E5: =IFERROR(INDEX(Madde_Listesi!$E:$E,MATCH(B5,Madde_Listesi!$B:$B,0)),"") -> Major | F5: Sıcaklık kayıt çizelgesi vardiya devir listesine eklendi | G5: Müdür yardımcısı | H5: 46070 | I5: 46060 | J5: =IF(A5="","",IF(I5<>"",IF(I5<=H5,"Kapandı","Geç kapandı"),IF(H5<Ayarlar!$B$3,"Gecikmiş","Açık"))) -> Kapandı | K5: =IF(A5="","",IF(I5<>"",MAX(0,I5-H5),MAX(0,Ayarlar!$B$3-H5))) -> 0
A6: D004 | B6: A-1.1 | C6: =IFERROR(INDEX(Denetimler!$C:$C,MATCH(A6,Denetimler!$A:$A,0)),"") -> Mağaza B | D6: =IFERROR(INDEX(Madde_Listesi!$C:$C,MATCH(B6,Madde_Listesi!$B:$B,0)),"") -> Vardiya planı yoğunluğa uygun hazırlanmış | E6: =IFERROR(INDEX(Madde_Listesi!$E:$E,MATCH(B6,Madde_Listesi!$B:$B,0)),"") -> Major | F6: Vardiya planı yoğunluk raporuna göre yeniden kuruldu | G6: Vardiya sorumlusu | H6: 46063 | J6: =IF(A6="","",IF(I6<>"",IF(I6<=H6,"Kapandı","Geç kapandı"),IF(H6<Ayarlar!$B$3,"Gecikmiş","Açık"))) -> Gecikmiş | K6: =IF(A6="","",IF(I6<>"",MAX(0,I6-H6),MAX(0,Ayarlar!$B$3-H6))) -> 216
A7: D006 | B7: R-2.2 | C7: =IFERROR(INDEX(Denetimler!$C:$C,MATCH(A7,Denetimler!$A:$A,0)),"") -> Mağaza B | D7: =IFERROR(INDEX(Madde_Listesi!$C:$C,MATCH(B7,Madde_Listesi!$B:$B,0)),"") -> Sıcaklık kayıtları tam ve zamanında tutulmuş | E7: =IFERROR(INDEX(Madde_Listesi!$E:$E,MATCH(B7,Madde_Listesi!$B:$B,0)),"") -> Major | F7: Sıcaklık kayıt çizelgesi vardiya devir listesine eklendi | G7: Vardiya sorumlusu | H7: 46074 | I7: 46064 | J7: =IF(A7="","",IF(I7<>"",IF(I7<=H7,"Kapandı","Geç kapandı"),IF(H7<Ayarlar!$B$3,"Gecikmiş","Açık"))) -> Kapandı | K7: =IF(A7="","",IF(I7<>"",MAX(0,I7-H7),MAX(0,Ayarlar!$B$3-H7))) -> 0
A8: D006 | B8: R-2.2 | C8: =IFERROR(INDEX(Denetimler!$C:$C,MATCH(A8,Denetimler!$A:$A,0)),"") -> Mağaza B | D8: =IFERROR(INDEX(Madde_Listesi!$C:$C,MATCH(B8,Madde_Listesi!$B:$B,0)),"") -> Sıcaklık kayıtları tam ve zamanında tutulmuş | E8: =IFERROR(INDEX(Madde_Listesi!$E:$E,MATCH(B8,Madde_Listesi!$B:$B,0)),"") -> Major | F8: Sıcaklık kayıt çizelgesi vardiya devir listesine eklendi | G8: Müdür yardımcısı | H8: 46074 | I8: 46078 | J8: =IF(A8="","",IF(I8<>"",IF(I8<=H8,"Kapandı","Geç kapandı"),IF(H8<Ayarlar!$B$3,"Gecikmiş","Açık"))) -> Geç kapandı | K8: =IF(A8="","",IF(I8<>"",MAX(0,I8-H8),MAX(0,Ayarlar!$B$3-H8))) -> 4
A9: D007 | B9: A-3.2 | C9: =IFERROR(INDEX(Denetimler!$C:$C,MATCH(A9,Denetimler!$A:$A,0)),"") -> Mağaza C | D9: =IFERROR(INDEX(Madde_Listesi!$C:$C,MATCH(B9,Madde_Listesi!$B:$B,0)),"") -> Stok sayımı ve sipariş kayıtları tutarlı | E9: =IFERROR(INDEX(Madde_Listesi!$E:$E,MATCH(B9,Madde_Listesi!$B:$B,0)),"") -> Major | F9: Haftalık sayım kontrolü müdür yardımcısına verildi | G9: Mağaza müdürü | H9: 46099 | I9: 46094 | J9: =IF(A9="","",IF(I9<>"",IF(I9<=H9,"Kapandı","Geç kapandı"),IF(H9<Ayarlar!$B$3,"Gecikmiş","Açık"))) -> Kapandı | K9: =IF(A9="","",IF(I9<>"",MAX(0,I9-H9),MAX(0,Ayarlar!$B$3-H9))) -> 0
A10: D007 | B10: A-3.2 | C10: =IFERROR(INDEX(Denetimler!$C:$C,MATCH(A10,Denetimler!$A:$A,0)),"") -> Mağaza C | D10: =IFERROR(INDEX(Madde_Listesi!$C:$C,MATCH(B10,Madde_Listesi!$B:$B,0)),"") -> Stok sayımı ve sipariş kayıtları tutarlı | E10: =IFERROR(INDEX(Madde_Listesi!$E:$E,MATCH(B10,Madde_Listesi!$B:$B,0)),"") -> Major | F10: Haftalık sayım kontrolü müdür yardımcısına verildi | G10: Müdür yardımcısı | H10: 46099 | I10: 46094 | J10: =IF(A10="","",IF(I10<>"",IF(I10<=H10,"Kapandı","Geç kapandı"),IF(H10<Ayarlar!$B$3,"Gecikmiş","Açık"))) -> Kapandı | K10: =IF(A10="","",IF(I10<>"",MAX(0,I10-H10),MAX(0,Ayarlar!$B$3-H10))) -> 0
A11: D009 | B11: R-2.2 | C11: =IFERROR(INDEX(Denetimler!$C:$C,MATCH(A11,Denetimler!$A:$A,0)),"") -> Mağaza C | D11: =IFERROR(INDEX(Madde_Listesi!$C:$C,MATCH(B11,Madde_Listesi!$B:$B,0)),"") -> Sıcaklık kayıtları tam ve zamanında tutulmuş | E11: =IFERROR(INDEX(Madde_Listesi!$E:$E,MATCH(B11,Madde_Listesi!$B:$B,0)),"") -> Major | F11: Sıcaklık kayıt çizelgesi vardiya devir listesine eklendi | G11: Vardiya sorumlusu | H11: 46090 | I11: 46094 | J11: =IF(A11="","",IF(I11<>"",IF(I11<=H11,"Kapandı","Geç kapandı"),IF(H11<Ayarlar!$B$3,"Gecikmiş","Açık"))) -> Geç kapandı | K11: =IF(A11="","",IF(I11<>"",MAX(0,I11-H11),MAX(0,Ayarlar!$B$3-H11))) -> 4
A12: D009 | B12: R-4.1 | C12: =IFERROR(INDEX(Denetimler!$C:$C,MATCH(A12,Denetimler!$A:$A,0)),"") -> Mağaza C | D12: =IFERROR(INDEX(Madde_Listesi!$C:$C,MATCH(B12,Madde_Listesi!$B:$B,0)),"") -> Ürünlerin son kullanma tarihleri geçerli ve etiketli | E12: =IFERROR(INDEX(Madde_Listesi!$E:$E,MATCH(B12,Madde_Listesi!$B:$B,0)),"") -> Kritik | F12: Tarih etiketleme eğitimi tekrarlandı | G12: Müdür yardımcısı | H12: 46090 | I12: 46085 | J12: =IF(A12="","",IF(I12<>"",IF(I12<=H12,"Kapandı","Geç kapandı"),IF(H12<Ayarlar!$B$3,"Gecikmiş","Açık"))) -> Kapandı | K12: =IF(A12="","",IF(I12<>"",MAX(0,I12-H12),MAX(0,Ayarlar!$B$3-H12))) -> 0
A13: D009 | B13: R-4.3 | C13: =IFERROR(INDEX(Denetimler!$C:$C,MATCH(A13,Denetimler!$A:$A,0)),"") -> Mağaza C | D13: =IFERROR(INDEX(Madde_Listesi!$C:$C,MATCH(B13,Madde_Listesi!$B:$B,0)),"") -> Kimyasallar etiketli ve gıdadan ayrı saklanıyor | E13: =IFERROR(INDEX(Madde_Listesi!$E:$E,MATCH(B13,Madde_Listesi!$B:$B,0)),"") -> Major | F13: Kimyasal dolabı ayrıldı, etiketler yenilendi | G13: Müdür yardımcısı | H13: 46090 | I13: 46090 | J13: =IF(A13="","",IF(I13<>"",IF(I13<=H13,"Kapandı","Geç kapandı"),IF(H13<Ayarlar!$B$3,"Gecikmiş","Açık"))) -> Kapandı | K13: =IF(A13="","",IF(I13<>"",MAX(0,I13-H13),MAX(0,Ayarlar!$B$3-H13))) -> 0
A14: D010 | B14: A-3.2 | C14: =IFERROR(INDEX(Denetimler!$C:$C,MATCH(A14,Denetimler!$A:$A,0)),"") -> Mağaza D | D14: =IFERROR(INDEX(Madde_Listesi!$C:$C,MATCH(B14,Madde_Listesi!$B:$B,0)),"") -> Stok sayımı ve sipariş kayıtları tutarlı | E14: =IFERROR(INDEX(Madde_Listesi!$E:$E,MATCH(B14,Madde_Listesi!$B:$B,0)),"") -> Major | F14: Haftalık sayım kontrolü müdür yardımcısına verildi | G14: Vardiya sorumlusu | H14: 46087 | I14: 46091 | J14: =IF(A14="","",IF(I14<>"",IF(I14<=H14,"Kapandı","Geç kapandı"),IF(H14<Ayarlar!$B$3,"Gecikmiş","Açık"))) -> Geç kapandı | K14: =IF(A14="","",IF(I14<>"",MAX(0,I14-H14),MAX(0,Ayarlar!$B$3-H14))) -> 4
A15: D010 | B15: A-3.2 | C15: =IFERROR(INDEX(Denetimler!$C:$C,MATCH(A15,Denetimler!$A:$A,0)),"") -> Mağaza D | D15: =IFERROR(INDEX(Madde_Listesi!$C:$C,MATCH(B15,Madde_Listesi!$B:$B,0)),"") -> Stok sayımı ve sipariş kayıtları tutarlı | E15: =IFERROR(INDEX(Madde_Listesi!$E:$E,MATCH(B15,Madde_Listesi!$B:$B,0)),"") -> Major | F15: Haftalık sayım kontrolü müdür yardımcısına verildi | G15: Mağaza müdürü | H15: 46087 | J15: =IF(A15="","",IF(I15<>"",IF(I15<=H15,"Kapandı","Geç kapandı"),IF(H15<Ayarlar!$B$3,"Gecikmiş","Açık"))) -> Gecikmiş | K15: =IF(A15="","",IF(I15<>"",MAX(0,I15-H15),MAX(0,Ayarlar!$B$3-H15))) -> 192
A16: D010 | B16: A-3.2 | C16: =IFERROR(INDEX(Denetimler!$C:$C,MATCH(A16,Denetimler!$A:$A,0)),"") -> Mağaza D | D16: =IFERROR(INDEX(Madde_Listesi!$C:$C,MATCH(B16,Madde_Listesi!$B:$B,0)),"") -> Stok sayımı ve sipariş kayıtları tutarlı | E16: =IFERROR(INDEX(Madde_Listesi!$E:$E,MATCH(B16,Madde_Listesi!$B:$B,0)),"") -> Major | F16: Haftalık sayım kontrolü müdür yardımcısına verildi | G16: Vardiya sorumlusu | H16: 46087 | J16: =IF(A16="","",IF(I16<>"",IF(I16<=H16,"Kapandı","Geç kapandı"),IF(H16<Ayarlar!$B$3,"Gecikmiş","Açık"))) -> Gecikmiş | K16: =IF(A16="","",IF(I16<>"",MAX(0,I16-H16),MAX(0,Ayarlar!$B$3-H16))) -> 192
A17: D012 | B17: R-4.3 | C17: =IFERROR(INDEX(Denetimler!$C:$C,MATCH(A17,Denetimler!$A:$A,0)),"") -> Mağaza D | D17: =IFERROR(INDEX(Madde_Listesi!$C:$C,MATCH(B17,Madde_Listesi!$B:$B,0)),"") -> Kimyasallar etiketli ve gıdadan ayrı saklanıyor | E17: =IFERROR(INDEX(Madde_Listesi!$E:$E,MATCH(B17,Madde_Listesi!$B:$B,0)),"") -> Major | F17: Kimyasal dolabı ayrıldı, etiketler yenilendi | G17: Vardiya sorumlusu | H17: 46066 | J17: =IF(A17="","",IF(I17<>"",IF(I17<=H17,"Kapandı","Geç kapandı"),IF(H17<Ayarlar!$B$3,"Gecikmiş","Açık"))) -> Gecikmiş | K17: =IF(A17="","",IF(I17<>"",MAX(0,I17-H17),MAX(0,Ayarlar!$B$3-H17))) -> 213
A18: D013 | B18: A-1.1 | C18: =IFERROR(INDEX(Denetimler!$C:$C,MATCH(A18,Denetimler!$A:$A,0)),"") -> Mağaza E | D18: =IFERROR(INDEX(Madde_Listesi!$C:$C,MATCH(B18,Madde_Listesi!$B:$B,0)),"") -> Vardiya planı yoğunluğa uygun hazırlanmış | E18: =IFERROR(INDEX(Madde_Listesi!$E:$E,MATCH(B18,Madde_Listesi!$B:$B,0)),"") -> Major | F18: Vardiya planı yoğunluk raporuna göre yeniden kuruldu | G18: Vardiya sorumlusu | H18: 46072 | I18: 46072 | J18: =IF(A18="","",IF(I18<>"",IF(I18<=H18,"Kapandı","Geç kapandı"),IF(H18<Ayarlar!$B$3,"Gecikmiş","Açık"))) -> Kapandı | K18: =IF(A18="","",IF(I18<>"",MAX(0,I18-H18),MAX(0,Ayarlar!$B$3-H18))) -> 0
A19: D015 | B19: R-2.2 | C19: =IFERROR(INDEX(Denetimler!$C:$C,MATCH(A19,Denetimler!$A:$A,0)),"") -> Mağaza E | D19: =IFERROR(INDEX(Madde_Listesi!$C:$C,MATCH(B19,Madde_Listesi!$B:$B,0)),"") -> Sıcaklık kayıtları tam ve zamanında tutulmuş | E19: =IFERROR(INDEX(Madde_Listesi!$E:$E,MATCH(B19,Madde_Listesi!$B:$B,0)),"") -> Major | F19: Sıcaklık kayıt çizelgesi vardiya devir listesine eklendi | G19: Müdür yardımcısı | H19: 46094 | J19: =IF(A19="","",IF(I19<>"",IF(I19<=H19,"Kapandı","Geç kapandı"),IF(H19<Ayarlar!$B$3,"Gecikmiş","Açık"))) -> Gecikmiş | K19: =IF(A19="","",IF(I19<>"",MAX(0,I19-H19),MAX(0,Ayarlar!$B$3-H19))) -> 185
A20: D015 | B20: R-4.3 | C20: =IFERROR(INDEX(Denetimler!$C:$C,MATCH(A20,Denetimler!$A:$A,0)),"") -> Mağaza E | D20: =IFERROR(INDEX(Madde_Listesi!$C:$C,MATCH(B20,Madde_Listesi!$B:$B,0)),"") -> Kimyasallar etiketli ve gıdadan ayrı saklanıyor | E20: =IFERROR(INDEX(Madde_Listesi!$E:$E,MATCH(B20,Madde_Listesi!$B:$B,0)),"") -> Major | F20: Kimyasal dolabı ayrıldı, etiketler yenilendi | G20: Vardiya sorumlusu | H20: 46094 | I20: 46084 | J20: =IF(A20="","",IF(I20<>"",IF(I20<=H20,"Kapandı","Geç kapandı"),IF(H20<Ayarlar!$B$3,"Gecikmiş","Açık"))) -> Kapandı | K20: =IF(A20="","",IF(I20<>"",MAX(0,I20-H20),MAX(0,Ayarlar!$B$3-H20))) -> 0
A21: D016 | B21: A-3.2 | C21: =IFERROR(INDEX(Denetimler!$C:$C,MATCH(A21,Denetimler!$A:$A,0)),"") -> Mağaza F | D21: =IFERROR(INDEX(Madde_Listesi!$C:$C,MATCH(B21,Madde_Listesi!$B:$B,0)),"") -> Stok sayımı ve sipariş kayıtları tutarlı | E21: =IFERROR(INDEX(Madde_Listesi!$E:$E,MATCH(B21,Madde_Listesi!$B:$B,0)),"") -> Major | F21: Haftalık sayım kontrolü müdür yardımcısına verildi | G21: Mağaza müdürü | H21: 46091 | J21: =IF(A21="","",IF(I21<>"",IF(I21<=H21,"Kapandı","Geç kapandı"),IF(H21<Ayarlar!$B$3,"Gecikmiş","Açık"))) -> Gecikmiş | K21: =IF(A21="","",IF(I21<>"",MAX(0,I21-H21),MAX(0,Ayarlar!$B$3-H21))) -> 188
A22: D017 | B22: P-1.1 | C22: =IFERROR(INDEX(Denetimler!$C:$C,MATCH(A22,Denetimler!$A:$A,0)),"") -> Mağaza F | D22: =IFERROR(INDEX(Madde_Listesi!$C:$C,MATCH(B22,Madde_Listesi!$B:$B,0)),"") -> Kasa farkları kayıt altına alınmış ve açıklanmış | E22: =IFERROR(INDEX(Madde_Listesi!$E:$E,MATCH(B22,Madde_Listesi!$B:$B,0)),"") -> Kritik | F22: Kasa farkı formu her kapanışta imzalanıyor | G22: Vardiya sorumlusu | H22: 46066 | I22: 46056 | J22: =IF(A22="","",IF(I22<>"",IF(I22<=H22,"Kapandı","Geç kapandı"),IF(H22<Ayarlar!$B$3,"Gecikmiş","Açık"))) -> Kapandı | K22: =IF(A22="","",IF(I22<>"",MAX(0,I22-H22),MAX(0,Ayarlar!$B$3-H22))) -> 0
A23: D017 | B23: P-1.1 | C23: =IFERROR(INDEX(Denetimler!$C:$C,MATCH(A23,Denetimler!$A:$A,0)),"") -> Mağaza F | D23: =IFERROR(INDEX(Madde_Listesi!$C:$C,MATCH(B23,Madde_Listesi!$B:$B,0)),"") -> Kasa farkları kayıt altına alınmış ve açıklanmış | E23: =IFERROR(INDEX(Madde_Listesi!$E:$E,MATCH(B23,Madde_Listesi!$B:$B,0)),"") -> Kritik | F23: Kasa farkı formu her kapanışta imzalanıyor | G23: Vardiya sorumlusu | H23: 46066 | I23: 46061 | J23: =IF(A23="","",IF(I23<>"",IF(I23<=H23,"Kapandı","Geç kapandı"),IF(H23<Ayarlar!$B$3,"Gecikmiş","Açık"))) -> Kapandı | K23: =IF(A23="","",IF(I23<>"",MAX(0,I23-H23),MAX(0,Ayarlar!$B$3-H23))) -> 0
A24: D017 | B24: P-1.1 | C24: =IFERROR(INDEX(Denetimler!$C:$C,MATCH(A24,Denetimler!$A:$A,0)),"") -> Mağaza F | D24: =IFERROR(INDEX(Madde_Listesi!$C:$C,MATCH(B24,Madde_Listesi!$B:$B,0)),"") -> Kasa farkları kayıt altına alınmış ve açıklanmış | E24: =IFERROR(INDEX(Madde_Listesi!$E:$E,MATCH(B24,Madde_Listesi!$B:$B,0)),"") -> Kritik | F24: Kasa farkı formu her kapanışta imzalanıyor | G24: Vardiya sorumlusu | H24: 46066 | I24: 46061 | J24: =IF(A24="","",IF(I24<>"",IF(I24<=H24,"Kapandı","Geç kapandı"),IF(H24<Ayarlar!$B$3,"Gecikmiş","Açık"))) -> Kapandı | K24: =IF(A24="","",IF(I24<>"",MAX(0,I24-H24),MAX(0,Ayarlar!$B$3-H24))) -> 0
A25: D018 | B25: R-4.3 | C25: =IFERROR(INDEX(Denetimler!$C:$C,MATCH(A25,Denetimler!$A:$A,0)),"") -> Mağaza F | D25: =IFERROR(INDEX(Madde_Listesi!$C:$C,MATCH(B25,Madde_Listesi!$B:$B,0)),"") -> Kimyasallar etiketli ve gıdadan ayrı saklanıyor | E25: =IFERROR(INDEX(Madde_Listesi!$E:$E,MATCH(B25,Madde_Listesi!$B:$B,0)),"") -> Major | F25: Kimyasal dolabı ayrıldı, etiketler yenilendi | G25: Müdür yardımcısı | H25: 46064 | I25: 46059 | J25: =IF(A25="","",IF(I25<>"",IF(I25<=H25,"Kapandı","Geç kapandı"),IF(H25<Ayarlar!$B$3,"Gecikmiş","Açık"))) -> Kapandı | K25: =IF(A25="","",IF(I25<>"",MAX(0,I25-H25),MAX(0,Ayarlar!$B$3-H25))) -> 0
A26: D018 | B26: R-2.2 | C26: =IFERROR(INDEX(Denetimler!$C:$C,MATCH(A26,Denetimler!$A:$A,0)),"") -> Mağaza F | D26: =IFERROR(INDEX(Madde_Listesi!$C:$C,MATCH(B26,Madde_Listesi!$B:$B,0)),"") -> Sıcaklık kayıtları tam ve zamanında tutulmuş | E26: =IFERROR(INDEX(Madde_Listesi!$E:$E,MATCH(B26,Madde_Listesi!$B:$B,0)),"") -> Major | F26: Sıcaklık kayıt çizelgesi vardiya devir listesine eklendi | G26: Müdür yardımcısı | H26: 46064 | I26: 46064 | J26: =IF(A26="","",IF(I26<>"",IF(I26<=H26,"Kapandı","Geç kapandı"),IF(H26<Ayarlar!$B$3,"Gecikmiş","Açık"))) -> Kapandı | K26: =IF(A26="","",IF(I26<>"",MAX(0,I26-H26),MAX(0,Ayarlar!$B$3-H26))) -> 0
A27: D018 | B27: R-4.3 | C27: =IFERROR(INDEX(Denetimler!$C:$C,MATCH(A27,Denetimler!$A:$A,0)),"") -> Mağaza F | D27: =IFERROR(INDEX(Madde_Listesi!$C:$C,MATCH(B27,Madde_Listesi!$B:$B,0)),"") -> Kimyasallar etiketli ve gıdadan ayrı saklanıyor | E27: =IFERROR(INDEX(Madde_Listesi!$E:$E,MATCH(B27,Madde_Listesi!$B:$B,0)),"") -> Major | F27: Kimyasal dolabı ayrıldı, etiketler yenilendi | G27: Vardiya sorumlusu | H27: 46064 | I27: 46068 | J27: =IF(A27="","",IF(I27<>"",IF(I27<=H27,"Kapandı","Geç kapandı"),IF(H27<Ayarlar!$B$3,"Gecikmiş","Açık"))) -> Geç kapandı | K27: =IF(A27="","",IF(I27<>"",MAX(0,I27-H27),MAX(0,Ayarlar!$B$3-H27))) -> 4
A28: D018 | B28: R-4.1 | C28: =IFERROR(INDEX(Denetimler!$C:$C,MATCH(A28,Denetimler!$A:$A,0)),"") -> Mağaza F | D28: =IFERROR(INDEX(Madde_Listesi!$C:$C,MATCH(B28,Madde_Listesi!$B:$B,0)),"") -> Ürünlerin son kullanma tarihleri geçerli ve etiketli | E28: =IFERROR(INDEX(Madde_Listesi!$E:$E,MATCH(B28,Madde_Listesi!$B:$B,0)),"") -> Kritik | F28: Tarih etiketleme eğitimi tekrarlandı | G28: Müdür yardımcısı | H28: 46064 | I28: 46054 | J28: =IF(A28="","",IF(I28<>"",IF(I28<=H28,"Kapandı","Geç kapandı"),IF(H28<Ayarlar!$B$3,"Gecikmiş","Açık"))) -> Kapandı | K28: =IF(A28="","",IF(I28<>"",MAX(0,I28-H28),MAX(0,Ayarlar!$B$3-H28))) -> 0
A29: D019 | B29: A-1.1 | C29: =IFERROR(INDEX(Denetimler!$C:$C,MATCH(A29,Denetimler!$A:$A,0)),"") -> Mağaza G | D29: =IFERROR(INDEX(Madde_Listesi!$C:$C,MATCH(B29,Madde_Listesi!$B:$B,0)),"") -> Vardiya planı yoğunluğa uygun hazırlanmış | E29: =IFERROR(INDEX(Madde_Listesi!$E:$E,MATCH(B29,Madde_Listesi!$B:$B,0)),"") -> Major | F29: Vardiya planı yoğunluk raporuna göre yeniden kuruldu | G29: Müdür yardımcısı | H29: 46080 | I29: 46080 | J29: =IF(A29="","",IF(I29<>"",IF(I29<=H29,"Kapandı","Geç kapandı"),IF(H29<Ayarlar!$B$3,"Gecikmiş","Açık"))) -> Kapandı | K29: =IF(A29="","",IF(I29<>"",MAX(0,I29-H29),MAX(0,Ayarlar!$B$3-H29))) -> 0
A30: D019 | B30: A-1.1 | C30: =IFERROR(INDEX(Denetimler!$C:$C,MATCH(A30,Denetimler!$A:$A,0)),"") -> Mağaza G | D30: =IFERROR(INDEX(Madde_Listesi!$C:$C,MATCH(B30,Madde_Listesi!$B:$B,0)),"") -> Vardiya planı yoğunluğa uygun hazırlanmış | E30: =IFERROR(INDEX(Madde_Listesi!$E:$E,MATCH(B30,Madde_Listesi!$B:$B,0)),"") -> Major | F30: Vardiya planı yoğunluk raporuna göre yeniden kuruldu | G30: Mağaza müdürü | H30: 46080 | J30: =IF(A30="","",IF(I30<>"",IF(I30<=H30,"Kapandı","Geç kapandı"),IF(H30<Ayarlar!$B$3,"Gecikmiş","Açık"))) -> Gecikmiş | K30: =IF(A30="","",IF(I30<>"",MAX(0,I30-H30),MAX(0,Ayarlar!$B$3-H30))) -> 199
A31: D019 | B31: A-1.1 | C31: =IFERROR(INDEX(Denetimler!$C:$C,MATCH(A31,Denetimler!$A:$A,0)),"") -> Mağaza G | D31: =IFERROR(INDEX(Madde_Listesi!$C:$C,MATCH(B31,Madde_Listesi!$B:$B,0)),"") -> Vardiya planı yoğunluğa uygun hazırlanmış | E31: =IFERROR(INDEX(Madde_Listesi!$E:$E,MATCH(B31,Madde_Listesi!$B:$B,0)),"") -> Major | F31: Vardiya planı yoğunluk raporuna göre yeniden kuruldu | G31: Müdür yardımcısı | H31: 46080 | I31: 46084 | J31: =IF(A31="","",IF(I31<>"",IF(I31<=H31,"Kapandı","Geç kapandı"),IF(H31<Ayarlar!$B$3,"Gecikmiş","Açık"))) -> Geç kapandı | K31: =IF(A31="","",IF(I31<>"",MAX(0,I31-H31),MAX(0,Ayarlar!$B$3-H31))) -> 4

Sheet Ayarlar
A1: Ayarlar
A3: Bugünün tarihi | B3: 46279 | C3: Gecikme ve yaklaşan denetim hesabı için. Gerçek kullanımda =TODAY() yazılabilir.
A5: Önem Derecesi | B5: Ceza Katsayısı
A6: Kritik | B6: 2
A7: Major | B7: 1.5
A8: Minör | B8: 1
A10: Denetim Türü | B10: Açıklama | C10: Toplam Soru | D10: Hedef Puan
A11: ASA | B11: Genel operasyon denetimi | C11: 40 | D11: 90
A12: PAP | B12: Kayıp önleme ve çalışan güvence denetimi | C12: 30 | D12: 85
A13: RSA | B13: Gıda güvenliği denetimi | C13: 91 | D13: 90
A15: Yaklaşan denetim uyarısı (gün) | B15: 30
A17: RSA soru sayısı orijinal dosyadaki soru dağılımından; ASA ve PAP soru sayıları örnektir.

Sheet Magazalar
A1: Mağaza | B1: Yakınlık Grubu | C1: Müdürün Uzman Olduğu Denetim
A2: Mağaza A | B2: Grup 1 | C2: RSA
A3: Mağaza B | B3: Grup 1 | C3: ASA
A4: Mağaza C | B4: Grup 1 | C4: PAP
A5: Mağaza D | B5: Grup 2 | C5: RSA
A6: Mağaza E | B6: Grup 2 | C6: ASA
A7: Mağaza F | B7: Grup 2 | C7: PAP
A8: Mağaza G | B8: Grup 3 | C8: ASA
A9: Mağaza H | B9: Grup 3 | C9: RSA

Sheet Madde_Listesi
A1: Denetim Türü | B1: Madde Kodu | C1: Madde | D1: Kategori | E1: Önem Derecesi | F1: Eğitim Konusu
A2: RSA | B2: R-1.2 | C2: Çalışan takı ve kişisel hijyen kurallarına uyuyor | D2: Partner | E2: Major | F2: Kişisel hijyen
A3: RSA | B3: R-2.1 | C3: Soğutucular uygun sıcaklıkta | D3: Sıcaklık | E3: Kritik | F3: Soğuk zincir ve sıcaklık kontrolü
A4: RSA | B4: R-2.2 | C4: Sıcaklık kayıtları tam ve zamanında tutulmuş | D4: Sıcaklık | E4: Major | F4: Soğuk zincir ve sıcaklık kontrolü
A5: RSA | B5: R-3.1 | C5: Haşere girişini önleyen önlemler yerinde | D5: Haşere | E5: Major | F5: Haşere önleme
A6: RSA | B6: R-3.2 | C6: Depo ve arka alan duvar, zemin ve tavanları temiz ve sağlam | D6: Haşere | E6: Minör | F6: Haşere önleme
A7: RSA | B7: R-4.1 | C7: Ürünlerin son kullanma tarihleri geçerli ve etiketli | D7: Bulaşma | E7: Kritik | F7: Ürün tarihleme ve etiketleme
A8: RSA | B8: R-4.2 | C8: Gıdayla temas eden yüzeyler temiz ve dezenfekte | D8: Bulaşma | E8: Major | F8: Temizlik ve dezenfeksiyon
A9: RSA | B9: R-4.3 | C9: Kimyasallar etiketli ve gıdadan ayrı saklanıyor | D9: Bulaşma | E9: Major | F9: Kimyasal güvenliği
A10: RSA | B10: R-4.4 | C10: Dezenfektan konsantrasyonu test şeridiyle kontrol ediliyor | D10: Bulaşma | E10: Minör | F10: Temizlik ve dezenfeksiyon
A11: ASA | B11: A-1.1 | C11: Vardiya planı yoğunluğa uygun hazırlanmış | D11: Operasyon | E11: Major | F11: Vardiya planlama
A12: ASA | B12: A-1.2 | C12: Kasa açılış-kapanış prosedürü uygulanıyor | D12: Operasyon | E12: Kritik | F12: Kasa prosedürleri
... A24: PAP | B24: P-4.1 | C24: Fire ve zayi kayıtları belgeli | D24: Stok | E24: Major | F24: Stok ve sipariş yönetimi
